track_uri,track_name,artist_uri_1,artist_uri_2,artist_uri_3,artist_uri_4,artist_uri_5,artist_uri_6,artist_uri_7,artist_name_1,artist_name_2,artist_name_3,artist_name_4,artist_name_5,artist_name_6,artist_name_7,album_uri,album_name,album_artist_uri_1,album_artist_uri_2,album_artist_uri_3,album_artist_name_1,album_artist_name_2,album_artist_name_3,album_release_date,album_image_url,track_number,duration,track_preview_url,explicit,popularity
spotify:track:7lIr3vVhpDkU5mQEDcnA0S,Intro,spotify:artist:5K4W6rqBFWDnAN6FQUkS6x,,,,,,,Kanye West,,,,,,,spotify:album:4Uv86qWpGTxf7fU7lG5X6F,The College Dropout,spotify:artist:5K4W6rqBFWDnAN6FQUkS6x,,,Kanye West,,,2004-02-10,https://i.scdn.co/image/ab67616d0000b27325b055377757b3cdd6f26b78,1,00:19,https://p.scdn.co/mp3-preview/21c88c64653c597d90f4326503cc70cb6a6dcd94?cid=9950ac751e34487dbbe027c4fd7f8e99,TRUE,13
spotify:track:0IW0qaeyxL5Et4UG2MrJKB,We Don't Care,spotify:artist:5K4W6rqBFWDnAN6FQUkS6x,,,,,,,Kanye West,,,,,,,spotify:album:4Uv86qWpGTxf7fU7lG5X6F,The College Dropout,spotify:artist:5K4W6rqBFWDnAN6FQUkS6x,,,Kanye West,,,2004-02-10,https://i.scdn.co/image/ab67616d0000b27325b055377757b3cdd6f26b78,2,04:00,https://p.scdn.co/mp3-preview/5b1f1dfcba18fd0075ec3c4a46df9d85f07dc6a4?cid=9950ac751e34487dbbe027c4fd7f8e99,TRUE,65
spotify:track:7wL7Lb8Q3aYyq6gmRL0PZq,Graduation Day,spotify:artist:5K4W6rqBFWDnAN6FQUkS6x,,,,,,,Kanye West,,,,,,,spotify:album:4Uv86qWpGTxf7fU7lG5X6F,The College Dropout,spotify:artist:5K4W6rqBFWDnAN6FQUkS6x,,,Kanye West,,,2004-02-10,https://i.scdn.co/image/ab67616d0000b27325b055377757b3cdd6f26b78,3,01:22,https://p.scdn.co/mp3-preview/de2636b3a155633270b0b19e088cbd6a3e62ca77?cid=9950ac751e34487dbbe027c4fd7f8e99,TRUE,54
spotify:track:5SkRLpaGtvYPhw02vZhQQ9,All Falls Down,spotify:artist:5K4W6rqBFWDnAN6FQUkS6x, spotify:artist:1lE6SEy8f84Zhjvp7r8yTD,,,,,,Kanye West, Syleena Johnson,,,,,,spotify:album:4Uv86qWpGTxf7fU7lG5X6F,The College Dropout,spotify:artist:5K4W6rqBFWDnAN6FQUkS6x,,,Kanye West,,,2004-02-10,https://i.scdn.co/image/ab67616d0000b27325b055377757b3cdd6f26b78,4,03:44,https://p.scdn.co/mp3-preview/1d85eddad1a4210fe3224afacb5e785c614b7b9b?cid=9950ac751e34487dbbe027c4fd7f8e99,TRUE,80
spotify:track:1ko2NuvWlQdxtNRc8QQzmT,Spaceship,spotify:artist:5K4W6rqBFWDnAN6FQUkS6x, spotify:artist:2hZ6jVi1cao5VlJHAEPzU7, spotify:artist:5KkgZ31b9eDwkvo9oMIrSm,,,,,Kanye West, GLC, Consequence,,,,,spotify:album:4Uv86qWpGTxf7fU7lG5X6F,The College Dropout,spotify:artist:5K4W6rqBFWDnAN6FQUkS6x,,,Kanye West,,,2004-02-10,https://i.scdn.co/image/ab67616d0000b27325b055377757b3cdd6f26b78,6,05:24,https://p.scdn.co/mp3-preview/62c63c5257497782ea772e132e76866bec9c69d9?cid=9950ac751e34487dbbe027c4fd7f8e99,TRUE,65
spotify:track:5g1vtHqi9uV7xtYeCcFOBx,Jesus Walks,spotify:artist:5K4W6rqBFWDnAN6FQUkS6x,,,,,,,Kanye West,,,,,,,spotify:album:4Uv86qWpGTxf7fU7lG5X6F,The College Dropout,spotify:artist:5K4W6rqBFWDnAN6FQUkS6x,,,Kanye West,,,2004-02-10,https://i.scdn.co/image/ab67616d0000b27325b055377757b3cdd6f26b78,7,03:14,https://p.scdn.co/mp3-preview/7de14d643e8119c91b2a9c7a48bbe16fdb61481f?cid=9950ac751e34487dbbe027c4fd7f8e99,TRUE,71
spotify:track:34j4OxJxKznBs88cjSL2j9,Never Let Me Down,spotify:artist:5K4W6rqBFWDnAN6FQUkS6x, spotify:artist:3nFkdlSjzX9mRTtwJOzDYB, spotify:artist:0hKpvarswO34Ks5iPNmEXn,,,,,Kanye West, JAY-Z, J. Ivy,,,,,spotify:album:4Uv86qWpGTxf7fU7lG5X6F,The College Dropout,spotify:artist:5K4W6rqBFWDnAN6FQUkS6x,,,Kanye West,,,2004-02-10,https://i.scdn.co/image/ab67616d0000b27325b055377757b3cdd6f26b78,8,05:24,https://p.scdn.co/mp3-preview/cbc1e9f30f1cfde573c40cfbfe1a3f43536aac5f?cid=9950ac751e34487dbbe027c4fd7f8e99,TRUE,62
spotify:track:5b2FFKC64kxqcfaFnIZxoM,Get Em High,spotify:artist:5K4W6rqBFWDnAN6FQUkS6x, spotify:artist:0lEssBAxQl2In4RpaB1C2Y, spotify:artist:2GHclqNVjqGuiE5mA7BEoc,,,,,Kanye West, Talib Kweli, Common,,,,,spotify:album:4Uv86qWpGTxf7fU7lG5X6F,The College Dropout,spotify:artist:5K4W6rqBFWDnAN6FQUkS6x,,,Kanye West,,,2004-02-10,https://i.scdn.co/image/ab67616d0000b27325b055377757b3cdd6f26b78,9,04:49,https://p.scdn.co/mp3-preview/eaf9f06a7f368a5fddce97356aa23711248a9497?cid=9950ac751e34487dbbe027c4fd7f8e99,TRUE,59
spotify:track:2a1JSfTePKhysdIif2bzut,Workout Plan,spotify:artist:5K4W6rqBFWDnAN6FQUkS6x,,,,,,,Kanye West,,,,,,,spotify:album:4Uv86qWpGTxf7fU7lG5X6F,The College Dropout,spotify:artist:5K4W6rqBFWDnAN6FQUkS6x,,,Kanye West,,,2004-02-10,https://i.scdn.co/image/ab67616d0000b27325b055377757b3cdd6f26b78,10,00:46,https://p.scdn.co/mp3-preview/1beb3b0704aebd391bd2bfc41bf8519fdd261e2d?cid=9950ac751e34487dbbe027c4fd7f8e99,TRUE,50
spotify:track:1Vp4St7JcXaUoJcIahtf3L,The New Workout Plan,spotify:artist:5K4W6rqBFWDnAN6FQUkS6x,,,,,,,Kanye West,,,,,,,spotify:album:4Uv86qWpGTxf7fU7lG5X6F,The College Dropout,spotify:artist:5K4W6rqBFWDnAN6FQUkS6x,,,Kanye West,,,2004-02-10,https://i.scdn.co/image/ab67616d0000b27325b055377757b3cdd6f26b78,11,05:23,https://p.scdn.co/mp3-preview/5e6bfd05f9cbd695511fd5ecbf1b1a7bc16c1304?cid=9950ac751e34487dbbe027c4fd7f8e99,TRUE,62
spotify:track:3A4cpTBPaIQdtPFb5JxtaX,Slow Jamz,spotify:artist:6vbY3hOaCAhC7VjucswgdS, spotify:artist:5K4W6rqBFWDnAN6FQUkS6x, spotify:artist:7LnaAXbDVIL75IVPnndf7w,,,,,Twista, Kanye West, Jamie Foxx,,,,,spotify:album:4Uv86qWpGTxf7fU7lG5X6F,The College Dropout,spotify:artist:5K4W6rqBFWDnAN6FQUkS6x,,,Kanye West,,,2004-02-10,https://i.scdn.co/image/ab67616d0000b27325b055377757b3cdd6f26b78,12,05:17,https://p.scdn.co/mp3-preview/b37ed3a6bd4cda8b6090dfa0fc83d6bdcdde2c63?cid=9950ac751e34487dbbe027c4fd7f8e99,TRUE,72
spotify:track:4KFY4EEv9CN6ivrzD6vEvg,Breathe In Breathe Out,spotify:artist:5K4W6rqBFWDnAN6FQUkS6x, spotify:artist:3ipn9JLAPI5GUEo4y4jcoi,,,,,,Kanye West, Ludacris,,,,,,spotify:album:4Uv86qWpGTxf7fU7lG5X6F,The College Dropout,spotify:artist:5K4W6rqBFWDnAN6FQUkS6x,,,Kanye West,,,2004-02-10,https://i.scdn.co/image/ab67616d0000b27325b055377757b3cdd6f26b78,13,04:07,https://p.scdn.co/mp3-preview/7cb05a4412d27d3a0fccc403168ee5293fc4e579?cid=9950ac751e34487dbbe027c4fd7f8e99,TRUE,56
spotify:track:25mwJPzWVmS2yronBNQJF1,School Spirit Skit 1,spotify:artist:5K4W6rqBFWDnAN6FQUkS6x,,,,,,,Kanye West,,,,,,,spotify:album:4Uv86qWpGTxf7fU7lG5X6F,The College Dropout,spotify:artist:5K4W6rqBFWDnAN6FQUkS6x,,,Kanye West,,,2004-02-10,https://i.scdn.co/image/ab67616d0000b27325b055377757b3cdd6f26b78,14,01:19,https://p.scdn.co/mp3-preview/6527b268121ad16ea448d2a3326d395f82401697?cid=9950ac751e34487dbbe027c4fd7f8e99,TRUE,48
spotify:track:1th3G3okofWlvGWAAR7Y4V,School Spirit,spotify:artist:5K4W6rqBFWDnAN6FQUkS6x,,,,,,,Kanye West,,,,,,,spotify:album:4Uv86qWpGTxf7fU7lG5X6F,The College Dropout,spotify:artist:5K4W6rqBFWDnAN6FQUkS6x,,,Kanye West,,,2004-02-10,https://i.scdn.co/image/ab67616d0000b27325b055377757b3cdd6f26b78,15,03:02,https://p.scdn.co/mp3-preview/280429964e449fe5b04b61652f9683d2e5321357?cid=9950ac751e34487dbbe027c4fd7f8e99,FALSE,56
spotify:track:5MAY7XyW322jMwLDtBQgsZ,School Spirit Skit 2,spotify:artist:5K4W6rqBFWDnAN6FQUkS6x,,,,,,,Kanye West,,,,,,,spotify:album:4Uv86qWpGTxf7fU7lG5X6F,The College Dropout,spotify:artist:5K4W6rqBFWDnAN6FQUkS6x,,,Kanye West,,,2004-02-10,https://i.scdn.co/image/ab67616d0000b27325b055377757b3cdd6f26b78,16,00:44,https://p.scdn.co/mp3-preview/f9783a3548783c0dc8eb4b36272763c43e53b653?cid=9950ac751e34487dbbe027c4fd7f8e99,TRUE,48
spotify:track:4BhwlQ9mTwhFGXpQvP9JTV,Lil Jimmy Skit,spotify:artist:5K4W6rqBFWDnAN6FQUkS6x,,,,,,,Kanye West,,,,,,,spotify:album:4Uv86qWpGTxf7fU7lG5X6F,The College Dropout,spotify:artist:5K4W6rqBFWDnAN6FQUkS6x,,,Kanye West,,,2004-02-10,https://i.scdn.co/image/ab67616d0000b27325b055377757b3cdd6f26b78,17,00:54,https://p.scdn.co/mp3-preview/e0c4f1ffe3c21996a4e7253025ae1ef396bf3542?cid=9950ac751e34487dbbe027c4fd7f8e99,TRUE,48
spotify:track:62wtttQzoIA9HnNmGVd9Yq,Two Words,spotify:artist:5K4W6rqBFWDnAN6FQUkS6x, spotify:artist:0Mz5XE0kb1GBnbLQm2VbcO, spotify:artist:2Jwr7hGoSNK3S3QBxh3T0z, spotify:artist:7Cp14KBRtDwGucKNPUyT11,,,,Kanye West, Mos Def, Freeway, The Boys Choir Of Harlem,,,,spotify:album:4Uv86qWpGTxf7fU7lG5X6F,The College Dropout,spotify:artist:5K4W6rqBFWDnAN6FQUkS6x,,,Kanye West,,,2004-02-10,https://i.scdn.co/image/ab67616d0000b27325b055377757b3cdd6f26b78,18,04:26,https://p.scdn.co/mp3-preview/6e66b218a3826e71343bb5eb1d013d4d27cf9747?cid=9950ac751e34487dbbe027c4fd7f8e99,TRUE,61
spotify:track:4mmkhcEm1Ljy1U9nwtsxUo,Through The Wire,spotify:artist:5K4W6rqBFWDnAN6FQUkS6x,,,,,,,Kanye West,,,,,,,spotify:album:4Uv86qWpGTxf7fU7lG5X6F,The College Dropout,spotify:artist:5K4W6rqBFWDnAN6FQUkS6x,,,Kanye West,,,2004-02-10,https://i.scdn.co/image/ab67616d0000b27325b055377757b3cdd6f26b78,19,03:41,https://p.scdn.co/mp3-preview/8aff6ca28d28f904361d5cc440aa0b8255ee2630?cid=9950ac751e34487dbbe027c4fd7f8e99,TRUE,75
spotify:track:5DBmXF7QO43Cuy9yqva116,Family Business,spotify:artist:5K4W6rqBFWDnAN6FQUkS6x,,,,,,,Kanye West,,,,,,,spotify:album:4Uv86qWpGTxf7fU7lG5X6F,The College Dropout,spotify:artist:5K4W6rqBFWDnAN6FQUkS6x,,,Kanye West,,,2004-02-10,https://i.scdn.co/image/ab67616d0000b27325b055377757b3cdd6f26b78,20,04:39,https://p.scdn.co/mp3-preview/74cbb7c8b5697df2e74ba8e73159160e32c0e76e?cid=9950ac751e34487dbbe027c4fd7f8e99,TRUE,66
spotify:track:7iOhWWYjhhQiXzF4o4HhXN,Last Call,spotify:artist:5K4W6rqBFWDnAN6FQUkS6x,,,,,,,Kanye West,,,,,,,spotify:album:4Uv86qWpGTxf7fU7lG5X6F,The College Dropout,spotify:artist:5K4W6rqBFWDnAN6FQUkS6x,,,Kanye West,,,2004-02-10,https://i.scdn.co/image/ab67616d0000b27325b055377757b3cdd6f26b78,21,12:41,https://p.scdn.co/mp3-preview/815839898a18df892138f0f7fece285c0666e702?cid=9950ac751e34487dbbe027c4fd7f8e99,TRUE,59
spotify:track:5fBDppqLHDC1VQ8x4UxMru,Heavy Hitters - Dirty,spotify:artist:5K4W6rqBFWDnAN6FQUkS6x, spotify:artist:2hZ6jVi1cao5VlJHAEPzU7,,,,,,Kanye West, GLC,,,,,,spotify:album:35EZOI24V46r3DBwgMSqOd,All Falls Down,spotify:artist:5K4W6rqBFWDnAN6FQUkS6x,,,Kanye West,,,2004-01-01,https://i.scdn.co/image/ab67616d0000b2737ac57a92eb24ee7907a715aa,3,03:58,https://p.scdn.co/mp3-preview/1c4ce4554f420760ae5b85a2f2f5742edcfc4ce1?cid=9950ac751e34487dbbe027c4fd7f8e99,TRUE,28
spotify:track:62KeM7jbmYvzT5FycdiQeS,Wake Up Mr. West,spotify:artist:5K4W6rqBFWDnAN6FQUkS6x,,,,,,,Kanye West,,,,,,,spotify:album:5ll74bqtkcXlKE7wwkMq4g,Late Registration,spotify:artist:5K4W6rqBFWDnAN6FQUkS6x,,,Kanye West,,,2005-08-30,https://i.scdn.co/image/ab67616d0000b273428d2255141c2119409a31b2,1,00:42,https://p.scdn.co/mp3-preview/50ab677c93e38e92e96437b9dd598a0457b4d17d?cid=9950ac751e34487dbbe027c4fd7f8e99,TRUE,50
spotify:track:6yIjtVtnOBeC8SwdVHzAuF,Heard 'Em Say,spotify:artist:5K4W6rqBFWDnAN6FQUkS6x, spotify:artist:4bYPcJP5jwMhSivRcqie2n,,,,,,Kanye West, Adam Levine,,,,,,spotify:album:5ll74bqtkcXlKE7wwkMq4g,Late Registration,spotify:artist:5K4W6rqBFWDnAN6FQUkS6x,,,Kanye West,,,2005-08-30,https://i.scdn.co/image/ab67616d0000b273428d2255141c2119409a31b2,2,03:24,https://p.scdn.co/mp3-preview/a87ae609316c7db82b8e2208acf9602d952b4ea2?cid=9950ac751e34487dbbe027c4fd7f8e99,TRUE,65
spotify:track:2dxjKgT0li4qBI3QwuN9Ih,Touch The Sky,spotify:artist:5K4W6rqBFWDnAN6FQUkS6x, spotify:artist:01QTIT5P1pFP3QnnFSdsJf,,,,,,Kanye West, Lupe Fiasco,,,,,,spotify:album:5ll74bqtkcXlKE7wwkMq4g,Late Registration,spotify:artist:5K4W6rqBFWDnAN6FQUkS6x,,,Kanye West,,,2005-08-30,https://i.scdn.co/image/ab67616d0000b273428d2255141c2119409a31b2,3,03:57,https://p.scdn.co/mp3-preview/05f4107c0ca168d5ae559932ccfc3b3f0ec84d51?cid=9950ac751e34487dbbe027c4fd7f8e99,TRUE,73
spotify:track:1PS1QMdUqOal0ai3Gt7sDQ,Gold Digger,spotify:artist:5K4W6rqBFWDnAN6FQUkS6x, spotify:artist:7LnaAXbDVIL75IVPnndf7w,,,,,,Kanye West, Jamie Foxx,,,,,,spotify:album:5ll74bqtkcXlKE7wwkMq4g,Late Registration,spotify:artist:5K4W6rqBFWDnAN6FQUkS6x,,,Kanye West,,,2005-08-30,https://i.scdn.co/image/ab67616d0000b273428d2255141c2119409a31b2,4,03:28,https://p.scdn.co/mp3-preview/bed94a53c79ec7d703f9f60c900f1335b5370253?cid=9950ac751e34487dbbe027c4fd7f8e99,TRUE,81
spotify:track:164al00XRSLWG6h4hc12bD,Skit #1,spotify:artist:5K4W6rqBFWDnAN6FQUkS6x,,,,,,,Kanye West,,,,,,,spotify:album:5ll74bqtkcXlKE7wwkMq4g,Late Registration,spotify:artist:5K4W6rqBFWDnAN6FQUkS6x,,,Kanye West,,,2005-08-30,https://i.scdn.co/image/ab67616d0000b273428d2255141c2119409a31b2,5,00:34,https://p.scdn.co/mp3-preview/aad41436ed2a1c4a4eb11b7ed3fb8c91f8ebc1f8?cid=9950ac751e34487dbbe027c4fd7f8e99,TRUE,49
spotify:track:6vB49BJ70zBpDrrAPwdaB8,Drive Slow,spotify:artist:5K4W6rqBFWDnAN6FQUkS6x, spotify:artist:0k7Xl1pqI3tu8sSEjo5oEg, spotify:artist:2hZ6jVi1cao5VlJHAEPzU7,,,,,Kanye West, Paul Wall, GLC,,,,,spotify:album:5ll74bqtkcXlKE7wwkMq4g,Late Registration,spotify:artist:5K4W6rqBFWDnAN6FQUkS6x,,,Kanye West,,,2005-08-30,https://i.scdn.co/image/ab67616d0000b273428d2255141c2119409a31b2,6,04:32,https://p.scdn.co/mp3-preview/e201aeecd0c1e0a37d0ea9d03c9423dc78f9e3d8?cid=9950ac751e34487dbbe027c4fd7f8e99,TRUE,60
spotify:track:0TzIHqhAbvYR6qJKrMMFlk,My Way Home,spotify:artist:5K4W6rqBFWDnAN6FQUkS6x, spotify:artist:2GHclqNVjqGuiE5mA7BEoc,,,,,,Kanye West, Common,,,,,,spotify:album:5ll74bqtkcXlKE7wwkMq4g,Late Registration,spotify:artist:5K4W6rqBFWDnAN6FQUkS6x,,,Kanye West,,,2005-08-30,https://i.scdn.co/image/ab67616d0000b273428d2255141c2119409a31b2,7,01:43,https://p.scdn.co/mp3-preview/9aee5b26c02d15b3e865734d71effeb696795604?cid=9950ac751e34487dbbe027c4fd7f8e99,TRUE,54
spotify:track:4fRTe59xEeNHT4uyAGsV27,Crack Music,spotify:artist:5K4W6rqBFWDnAN6FQUkS6x, spotify:artist:0NbfKEOTQCcwd6o7wSDOHI,,,,,,Kanye West, The Game,,,,,,spotify:album:5ll74bqtkcXlKE7wwkMq4g,Late Registration,spotify:artist:5K4W6rqBFWDnAN6FQUkS6x,,,Kanye West,,,2005-08-30,https://i.scdn.co/image/ab67616d0000b273428d2255141c2119409a31b2,8,04:31,https://p.scdn.co/mp3-preview/5c2a6489e1e4e3c7dabcff709b5f575f7cdbc4f1?cid=9950ac751e34487dbbe027c4fd7f8e99,TRUE,53
spotify:track:2DHNCWZYmVr1Lv08q5b0kB,Roses,spotify:artist:5K4W6rqBFWDnAN6FQUkS6x,,,,,,,Kanye West,,,,,,,spotify:album:5ll74bqtkcXlKE7wwkMq4g,Late Registration,spotify:artist:5K4W6rqBFWDnAN6FQUkS6x,,,Kanye West,,,2005-08-30,https://i.scdn.co/image/ab67616d0000b273428d2255141c2119409a31b2,9,04:06,https://p.scdn.co/mp3-preview/f12000d2967721fb50ec9a55b877423a1e11c0fa?cid=9950ac751e34487dbbe027c4fd7f8e99,TRUE,61
spotify:track:25K9cWrxNv991UYiOzBJqR,Bring Me Down,spotify:artist:5K4W6rqBFWDnAN6FQUkS6x, spotify:artist:05oH07COxkXKIMt6mIPRee,,,,,,Kanye West, Brandy,,,,,,spotify:album:5ll74bqtkcXlKE7wwkMq4g,Late Registration,spotify:artist:5K4W6rqBFWDnAN6FQUkS6x,,,Kanye West,,,2005-08-30,https://i.scdn.co/image/ab67616d0000b273428d2255141c2119409a31b2,10,03:19,https://p.scdn.co/mp3-preview/eb1fe0eaf5d97ac25a2f973f0ae609f6d881dd2d?cid=9950ac751e34487dbbe027c4fd7f8e99,TRUE,53
spotify:track:5VzeI5JM2y9t21JwrWAnkH,Addiction,spotify:artist:5K4W6rqBFWDnAN6FQUkS6x,,,,,,,Kanye West,,,,,,,spotify:album:5ll74bqtkcXlKE7wwkMq4g,Late Registration,spotify:artist:5K4W6rqBFWDnAN6FQUkS6x,,,Kanye West,,,2005-08-30,https://i.scdn.co/image/ab67616d0000b273428d2255141c2119409a31b2,11,04:28,https://p.scdn.co/mp3-preview/8832da61f3257645d8d08fe17d9e27397e0d681c?cid=9950ac751e34487dbbe027c4fd7f8e99,TRUE,58
spotify:track:466XcSgGAiQxcDrcV0yoMP,Skit #2,spotify:artist:5K4W6rqBFWDnAN6FQUkS6x,,,,,,,Kanye West,,,,,,,spotify:album:5ll74bqtkcXlKE7wwkMq4g,Late Registration,spotify:artist:5K4W6rqBFWDnAN6FQUkS6x,,,Kanye West,,,2005-08-30,https://i.scdn.co/image/ab67616d0000b273428d2255141c2119409a31b2,12,00:31,https://p.scdn.co/mp3-preview/947f3a4dfa56bee72a3eb1568f59e4f47564bdde?cid=9950ac751e34487dbbe027c4fd7f8e99,TRUE,50
spotify:track:34KUIBsIUiPV7oCIzSdDAU,Diamonds From Sierra Leone - Remix,spotify:artist:5K4W6rqBFWDnAN6FQUkS6x, spotify:artist:3nFkdlSjzX9mRTtwJOzDYB,,,,,,Kanye West, JAY-Z,,,,,,spotify:album:5ll74bqtkcXlKE7wwkMq4g,Late Registration,spotify:artist:5K4W6rqBFWDnAN6FQUkS6x,,,Kanye West,,,2005-08-30,https://i.scdn.co/image/ab67616d0000b273428d2255141c2119409a31b2,13,03:53,https://p.scdn.co/mp3-preview/ac6b570f77d3937e0fd1847c8dcf840ec79b2ab1?cid=9950ac751e34487dbbe027c4fd7f8e99,TRUE,60
spotify:track:46fk9wjYcPm0sgym2b7EEE,We Major,spotify:artist:5K4W6rqBFWDnAN6FQUkS6x, spotify:artist:20qISvAhX20dpIbOOzGK3q, spotify:artist:69m0yjx8ruKebsRvbNuEDz,,,,,Kanye West, Nas, Really Doe,,,,,spotify:album:5ll74bqtkcXlKE7wwkMq4g,Late Registration,spotify:artist:5K4W6rqBFWDnAN6FQUkS6x,,,Kanye West,,,2005-08-30,https://i.scdn.co/image/ab67616d0000b273428d2255141c2119409a31b2,14,07:28,https://p.scdn.co/mp3-preview/7bd5e3ff54123a062fcf790a4f952cfa15caf6f6?cid=9950ac751e34487dbbe027c4fd7f8e99,TRUE,61
spotify:track:2Xn5DIyAba7Fgyky3gU3rA,Skit #3,spotify:artist:5K4W6rqBFWDnAN6FQUkS6x,,,,,,,Kanye West,,,,,,,spotify:album:5ll74bqtkcXlKE7wwkMq4g,Late Registration,spotify:artist:5K4W6rqBFWDnAN6FQUkS6x,,,Kanye West,,,2005-08-30,https://i.scdn.co/image/ab67616d0000b273428d2255141c2119409a31b2,15,00:24,https://p.scdn.co/mp3-preview/f5da3289bbe5c12c1193c82d8c1174ca609230ba?cid=9950ac751e34487dbbe027c4fd7f8e99,TRUE,5
spotify:track:46OFHBw45fNi7QNjSetITR,Hey Mama,spotify:artist:5K4W6rqBFWDnAN6FQUkS6x,,,,,,,Kanye West,,,,,,,spotify:album:5ll74bqtkcXlKE7wwkMq4g,Late Registration,spotify:artist:5K4W6rqBFWDnAN6FQUkS6x,,,Kanye West,,,2005-08-30,https://i.scdn.co/image/ab67616d0000b273428d2255141c2119409a31b2,16,05:06,https://p.scdn.co/mp3-preview/38ba7fd75f53ad3bfe57e6f97282c4f9d496fefc?cid=9950ac751e34487dbbe027c4fd7f8e99,TRUE,62
spotify:track:7jAxGkXU58FwNMjqoMahn7,Celebration,spotify:artist:5K4W6rqBFWDnAN6FQUkS6x,,,,,,,Kanye West,,,,,,,spotify:album:5ll74bqtkcXlKE7wwkMq4g,Late Registration,spotify:artist:5K4W6rqBFWDnAN6FQUkS6x,,,Kanye West,,,2005-08-30,https://i.scdn.co/image/ab67616d0000b273428d2255141c2119409a31b2,17,03:18,https://p.scdn.co/mp3-preview/1142dc034d1b1ef04e842cb1f65614e9d5bf0256?cid=9950ac751e34487dbbe027c4fd7f8e99,TRUE,53
spotify:track:3zXhvJaLpxefYIxBE0cnB0,Skit #4,spotify:artist:5K4W6rqBFWDnAN6FQUkS6x,,,,,,,Kanye West,,,,,,,spotify:album:5ll74bqtkcXlKE7wwkMq4g,Late Registration,spotify:artist:5K4W6rqBFWDnAN6FQUkS6x,,,Kanye West,,,2005-08-30,https://i.scdn.co/image/ab67616d0000b273428d2255141c2119409a31b2,18,01:19,https://p.scdn.co/mp3-preview/69b1d1fcb61b2d108fd61cba65c9cb440d173896?cid=9950ac751e34487dbbe027c4fd7f8e99,TRUE,44
spotify:track:5RjbFGeWVsCpw8EcE8OrvZ,Gone,spotify:artist:5K4W6rqBFWDnAN6FQUkS6x, spotify:artist:5KkgZ31b9eDwkvo9oMIrSm, spotify:artist:7iMvwE8qANp3aIfAGKEAwS,,,,,Kanye West, Consequence, Cam’ron,,,,,spotify:album:5ll74bqtkcXlKE7wwkMq4g,Late Registration,spotify:artist:5K4W6rqBFWDnAN6FQUkS6x,,,Kanye West,,,2005-08-30,https://i.scdn.co/image/ab67616d0000b273428d2255141c2119409a31b2,19,05:33,https://p.scdn.co/mp3-preview/039e222df642cbd258b17891a024c362cad52e22?cid=9950ac751e34487dbbe027c4fd7f8e99,TRUE,57
spotify:track:4R5bSS8yoCl2czeWLr61aO,Diamonds From Sierra Leone - Bonus Track,spotify:artist:5K4W6rqBFWDnAN6FQUkS6x,,,,,,,Kanye West,,,,,,,spotify:album:5ll74bqtkcXlKE7wwkMq4g,Late Registration,spotify:artist:5K4W6rqBFWDnAN6FQUkS6x,,,Kanye West,,,2005-08-30,https://i.scdn.co/image/ab67616d0000b273428d2255141c2119409a31b2,20,03:58,https://p.scdn.co/mp3-preview/b4f5cc3e2baf79833d859dd4e345a5a1c803e4b0?cid=9950ac751e34487dbbe027c4fd7f8e99,TRUE,55
spotify:track:1mFHMzbaECWFaPfoePoEYl,Late,spotify:artist:5K4W6rqBFWDnAN6FQUkS6x,,,,,,,Kanye West,,,,,,,spotify:album:5ll74bqtkcXlKE7wwkMq4g,Late Registration,spotify:artist:5K4W6rqBFWDnAN6FQUkS6x,,,Kanye West,,,2005-08-30,https://i.scdn.co/image/ab67616d0000b273428d2255141c2119409a31b2,21,03:50,https://p.scdn.co/mp3-preview/19cb492697089ab8298b4441cd1d30f82fc53c26?cid=9950ac751e34487dbbe027c4fd7f8e99,TRUE,56
spotify:track:5Merj2SWlm2pwudOyNrKZg,Diamonds From Sierra Leone - Remix,spotify:artist:5K4W6rqBFWDnAN6FQUkS6x, spotify:artist:3nFkdlSjzX9mRTtwJOzDYB,,,,,,Kanye West, JAY-Z,,,,,,spotify:album:67FtWExClJpODNRGtZBas6,Diamonds from Sierra Leone Remix ft Jay.z,spotify:artist:5K4W6rqBFWDnAN6FQUkS6x,,,Kanye West,,,2005-01-01,https://i.scdn.co/image/ab67616d0000b273cd8b26fa5706d5b37bd95b5c,1,03:36,https://p.scdn.co/mp3-preview/e3b3ae48eae2d8d9755876e39ff7a880c585e3ea?cid=9950ac751e34487dbbe027c4fd7f8e99,TRUE,32
spotify:track:6MXXY2eiWkpDCezVCc0cMH,Good Morning,spotify:artist:5K4W6rqBFWDnAN6FQUkS6x,,,,,,,Kanye West,,,,,,,spotify:album:4SZko61aMnmgvNhfhgTuD3,Graduation,spotify:artist:5K4W6rqBFWDnAN6FQUkS6x,,,Kanye West,,,2007-09-11,https://i.scdn.co/image/ab67616d0000b27326f7f19c7f0381e56156c94a,1,03:16,https://p.scdn.co/mp3-preview/f2458a1ee750493aa823c5346de3a3c5ba6497a5?cid=9950ac751e34487dbbe027c4fd7f8e99,TRUE,74
spotify:track:4UQMOPSUVJVicIQzjAcRRZ,Champion,spotify:artist:5K4W6rqBFWDnAN6FQUkS6x,,,,,,,Kanye West,,,,,,,spotify:album:4SZko61aMnmgvNhfhgTuD3,Graduation,spotify:artist:5K4W6rqBFWDnAN6FQUkS6x,,,Kanye West,,,2007-09-11,https://i.scdn.co/image/ab67616d0000b27326f7f19c7f0381e56156c94a,2,02:48,https://p.scdn.co/mp3-preview/fcc56730baed5c5e74cd4acf2c8382206ac3b7bd?cid=9950ac751e34487dbbe027c4fd7f8e99,TRUE,72
spotify:track:0j2T0R9dR9qdJYsB7ciXhf,Stronger,spotify:artist:5K4W6rqBFWDnAN6FQUkS6x,,,,,,,Kanye West,,,,,,,spotify:album:4SZko61aMnmgvNhfhgTuD3,Graduation,spotify:artist:5K4W6rqBFWDnAN6FQUkS6x,,,Kanye West,,,2007-09-11,https://i.scdn.co/image/ab67616d0000b27326f7f19c7f0381e56156c94a,3,05:12,https://p.scdn.co/mp3-preview/23771e17f5cc8853beee8ffee1ddc99fdefbcfa1?cid=9950ac751e34487dbbe027c4fd7f8e99,TRUE,83
spotify:track:7rbECVPkY5UODxoOUVKZnA,I Wonder,spotify:artist:5K4W6rqBFWDnAN6FQUkS6x,,,,,,,Kanye West,,,,,,,spotify:album:4SZko61aMnmgvNhfhgTuD3,Graduation,spotify:artist:5K4W6rqBFWDnAN6FQUkS6x,,,Kanye West,,,2007-09-11,https://i.scdn.co/image/ab67616d0000b27326f7f19c7f0381e56156c94a,4,04:03,https://p.scdn.co/mp3-preview/24212d58ab707466d9f4c279266ef523b1e2d48c?cid=9950ac751e34487dbbe027c4fd7f8e99,TRUE,82
spotify:track:4ZPdLEztrlZqbJkgHNw54L,Good Life,spotify:artist:5K4W6rqBFWDnAN6FQUkS6x, spotify:artist:3aQeKQSyrW4qWr35idm0cy,,,,,,Kanye West, T-Pain,,,,,,spotify:album:4SZko61aMnmgvNhfhgTuD3,Graduation,spotify:artist:5K4W6rqBFWDnAN6FQUkS6x,,,Kanye West,,,2007-09-11,https://i.scdn.co/image/ab67616d0000b27326f7f19c7f0381e56156c94a,5,03:27,https://p.scdn.co/mp3-preview/6fa537a2b6f7ae23bb56b74d108843ae677ee762?cid=9950ac751e34487dbbe027c4fd7f8e99,TRUE,75
spotify:track:0mEdbdeRFQwBhN4xfyIeUM,Can't Tell Me Nothing,spotify:artist:5K4W6rqBFWDnAN6FQUkS6x,,,,,,,Kanye West,,,,,,,spotify:album:4SZko61aMnmgvNhfhgTuD3,Graduation,spotify:artist:5K4W6rqBFWDnAN6FQUkS6x,,,Kanye West,,,2007-09-11,https://i.scdn.co/image/ab67616d0000b27326f7f19c7f0381e56156c94a,6,04:32,https://p.scdn.co/mp3-preview/6486e11dec3e3483643646ddd486e29243bf050f?cid=9950ac751e34487dbbe027c4fd7f8e99,TRUE,79
spotify:track:7387VaiHpOsSIZ5nmjseya,Barry Bonds,spotify:artist:5K4W6rqBFWDnAN6FQUkS6x, spotify:artist:55Aa2cqylxrFIXC767Z865,,,,,,Kanye West, Lil Wayne,,,,,,spotify:album:4SZko61aMnmgvNhfhgTuD3,Graduation,spotify:artist:5K4W6rqBFWDnAN6FQUkS6x,,,Kanye West,,,2007-09-11,https://i.scdn.co/image/ab67616d0000b27326f7f19c7f0381e56156c94a,7,03:24,https://p.scdn.co/mp3-preview/73e96cf2f7767d8959d5b8ceef8ca4b42919d2ab?cid=9950ac751e34487dbbe027c4fd7f8e99,TRUE,63
spotify:track:7DRuzSlhjKadgdsQRYZ0tr,Drunk and Hot Girls,spotify:artist:5K4W6rqBFWDnAN6FQUkS6x, spotify:artist:0Mz5XE0kb1GBnbLQm2VbcO,,,,,,Kanye West, Mos Def,,,,,,spotify:album:4SZko61aMnmgvNhfhgTuD3,Graduation,spotify:artist:5K4W6rqBFWDnAN6FQUkS6x,,,Kanye West,,,2007-09-11,https://i.scdn.co/image/ab67616d0000b27326f7f19c7f0381e56156c94a,8,05:13,https://p.scdn.co/mp3-preview/9fb358615146f7c8cb7649f45626c65551c6ab15?cid=9950ac751e34487dbbe027c4fd7f8e99,TRUE,62
spotify:track:5TRPicyLGbAF2LGBFbHGvO,Flashing Lights,spotify:artist:5K4W6rqBFWDnAN6FQUkS6x, spotify:artist:7u6LfVyYpEzMpHLL7jTyvU,,,,,,Kanye West, Dwele,,,,,,spotify:album:4SZko61aMnmgvNhfhgTuD3,Graduation,spotify:artist:5K4W6rqBFWDnAN6FQUkS6x,,,Kanye West,,,2007-09-11,https://i.scdn.co/image/ab67616d0000b27326f7f19c7f0381e56156c94a,9,03:58,https://p.scdn.co/mp3-preview/d38ae6065e49e89f94296b4e693334dec73f09ba?cid=9950ac751e34487dbbe027c4fd7f8e99,TRUE,85
spotify:track:0NrtwAmRAdLxua31SzHvXr,Everything I Am,spotify:artist:5K4W6rqBFWDnAN6FQUkS6x, spotify:artist:6GEykX11lQqp92UVOQQCC7,,,,,,Kanye West, DJ Premier,,,,,,spotify:album:4SZko61aMnmgvNhfhgTuD3,Graduation,spotify:artist:5K4W6rqBFWDnAN6FQUkS6x,,,Kanye West,,,2007-09-11,https://i.scdn.co/image/ab67616d0000b27326f7f19c7f0381e56156c94a,10,03:48,https://p.scdn.co/mp3-preview/eda735feff7e9456f8dd89b695f524bec4b8a513?cid=9950ac751e34487dbbe027c4fd7f8e99,TRUE,75
spotify:track:0lWjRSzq5chA9fps3pM8Zr,The Glory,spotify:artist:5K4W6rqBFWDnAN6FQUkS6x,,,,,,,Kanye West,,,,,,,spotify:album:4SZko61aMnmgvNhfhgTuD3,Graduation,spotify:artist:5K4W6rqBFWDnAN6FQUkS6x,,,Kanye West,,,2007-09-11,https://i.scdn.co/image/ab67616d0000b27326f7f19c7f0381e56156c94a,11,03:33,https://p.scdn.co/mp3-preview/d96e38c540bcf135a96eb2f5b02828c11d3b83ed?cid=9950ac751e34487dbbe027c4fd7f8e99,TRUE,65
spotify:track:4iz9lGMjU1lXS51oPmUmTe,Homecoming,spotify:artist:5K4W6rqBFWDnAN6FQUkS6x, spotify:artist:0LQoZQIV0mIs0y0XQb0Sw2,,,,,,Kanye West, Chris Martin,,,,,,spotify:album:4SZko61aMnmgvNhfhgTuD3,Graduation,spotify:artist:5K4W6rqBFWDnAN6FQUkS6x,,,Kanye West,,,2007-09-11,https://i.scdn.co/image/ab67616d0000b27326f7f19c7f0381e56156c94a,12,03:23,https://p.scdn.co/mp3-preview/cc036ba37aa8c2486958dfde4c3e4980a090c27a?cid=9950ac751e34487dbbe027c4fd7f8e99,TRUE,81
spotify:track:2L47m9erkB5KBZcaqWtYen,Big Brother,spotify:artist:5K4W6rqBFWDnAN6FQUkS6x,,,,,,,Kanye West,,,,,,,spotify:album:4SZko61aMnmgvNhfhgTuD3,Graduation,spotify:artist:5K4W6rqBFWDnAN6FQUkS6x,,,Kanye West,,,2007-09-11,https://i.scdn.co/image/ab67616d0000b27326f7f19c7f0381e56156c94a,13,04:48,https://p.scdn.co/mp3-preview/b5bbc68c10143653e6876fba8d260f32f7321386?cid=9950ac751e34487dbbe027c4fd7f8e99,TRUE,63
spotify:track:3bhyo2ED5Yd4RLydQBDtD6,Good Night,spotify:artist:5K4W6rqBFWDnAN6FQUkS6x, spotify:artist:0Mz5XE0kb1GBnbLQm2VbcO, spotify:artist:1i4q97Tz8xmGWJps51J7WT,,,,,Kanye West, Mos Def, Albe Back,,,,,spotify:album:4SZko61aMnmgvNhfhgTuD3,Graduation,spotify:artist:5K4W6rqBFWDnAN6FQUkS6x,,,Kanye West,,,2007-09-11,https://i.scdn.co/image/ab67616d0000b27326f7f19c7f0381e56156c94a,14,03:06,https://p.scdn.co/mp3-preview/ab11b00ea30e1b6d72342545b739d2d626bea005?cid=9950ac751e34487dbbe027c4fd7f8e99,TRUE,62
spotify:track:5e5MKPtJuFb8NaeSEyV5gD,Say You Will,spotify:artist:5K4W6rqBFWDnAN6FQUkS6x,,,,,,,Kanye West,,,,,,,spotify:album:3WFTGIO6E3Xh4paEOBY9OU,808s & Heartbreak,spotify:artist:5K4W6rqBFWDnAN6FQUkS6x,,,Kanye West,,,2008-11-24,https://i.scdn.co/image/ab67616d0000b273346d77e155d854735410ed18,1,06:18,https://p.scdn.co/mp3-preview/43c5cb4b9b194d3cfa692898fd2cf44ea874bca0?cid=9950ac751e34487dbbe027c4fd7f8e99,FALSE,57
spotify:track:3F18I7LhWKxlf1PytSoTBH,Welcome To Heartbreak,spotify:artist:5K4W6rqBFWDnAN6FQUkS6x, spotify:artist:0fA0VVWsXO9YnASrzqfmYu,,,,,,Kanye West, Kid Cudi,,,,,,spotify:album:3WFTGIO6E3Xh4paEOBY9OU,808s & Heartbreak,spotify:artist:5K4W6rqBFWDnAN6FQUkS6x,,,Kanye West,,,2008-11-24,https://i.scdn.co/image/ab67616d0000b273346d77e155d854735410ed18,2,04:23,https://p.scdn.co/mp3-preview/37db4e51c72053ad7b54a33b43436dde7ab0a353?cid=9950ac751e34487dbbe027c4fd7f8e99,FALSE,62
spotify:track:4EWCNWgDS8707fNSZ1oaA5,Heartless,spotify:artist:5K4W6rqBFWDnAN6FQUkS6x,,,,,,,Kanye West,,,,,,,spotify:album:3WFTGIO6E3Xh4paEOBY9OU,808s & Heartbreak,spotify:artist:5K4W6rqBFWDnAN6FQUkS6x,,,Kanye West,,,2008-11-24,https://i.scdn.co/image/ab67616d0000b273346d77e155d854735410ed18,3,03:31,https://p.scdn.co/mp3-preview/bb460fa9421078d42e61eac9e99a934ec78735ac?cid=9950ac751e34487dbbe027c4fd7f8e99,FALSE,86
spotify:track:0m3Ze0cy8qBHSsV2exAfCw,Amazing,spotify:artist:5K4W6rqBFWDnAN6FQUkS6x, spotify:artist:4yBK75WVCQXej1p04GWqxH,,,,,,Kanye West, Jeezy,,,,,,spotify:album:3WFTGIO6E3Xh4paEOBY9OU,808s & Heartbreak,spotify:artist:5K4W6rqBFWDnAN6FQUkS6x,,,Kanye West,,,2008-11-24,https://i.scdn.co/image/ab67616d0000b273346d77e155d854735410ed18,4,03:58,https://p.scdn.co/mp3-preview/b9b8c923695ccf2664848cb2f6f9bb7eb8ca4d3a?cid=9950ac751e34487dbbe027c4fd7f8e99,FALSE,65
spotify:track:1kxeWHF9PrCVZHvVskv8lg,Love Lockdown,spotify:artist:5K4W6rqBFWDnAN6FQUkS6x,,,,,,,Kanye West,,,,,,,spotify:album:3WFTGIO6E3Xh4paEOBY9OU,808s & Heartbreak,spotify:artist:5K4W6rqBFWDnAN6FQUkS6x,,,Kanye West,,,2008-11-24,https://i.scdn.co/image/ab67616d0000b273346d77e155d854735410ed18,5,04:30,https://p.scdn.co/mp3-preview/8dde8bacbe730c867d1d6e5e5aa75f3324825870?cid=9950ac751e34487dbbe027c4fd7f8e99,FALSE,66
spotify:track:0w2piYWj1F2bzUftzGJgK9,Paranoid,spotify:artist:5K4W6rqBFWDnAN6FQUkS6x, spotify:artist:1zV9UjTUevjp5VUddqIUUn,,,,,,Kanye West, Mr Hudson,,,,,,spotify:album:3WFTGIO6E3Xh4paEOBY9OU,808s & Heartbreak,spotify:artist:5K4W6rqBFWDnAN6FQUkS6x,,,Kanye West,,,2008-11-24,https://i.scdn.co/image/ab67616d0000b273346d77e155d854735410ed18,6,04:38,https://p.scdn.co/mp3-preview/8ac8006b7fe10e4965d08b92a6e1aa0233719629?cid=9950ac751e34487dbbe027c4fd7f8e99,FALSE,64
spotify:track:02LAK7qT1wya0klSeNO96f,RoboCop,spotify:artist:5K4W6rqBFWDnAN6FQUkS6x,,,,,,,Kanye West,,,,,,,spotify:album:3WFTGIO6E3Xh4paEOBY9OU,808s & Heartbreak,spotify:artist:5K4W6rqBFWDnAN6FQUkS6x,,,Kanye West,,,2008-11-24,https://i.scdn.co/image/ab67616d0000b273346d77e155d854735410ed18,7,04:34,https://p.scdn.co/mp3-preview/344317de411b646200223a3988afb3fdb22e6850?cid=9950ac751e34487dbbe027c4fd7f8e99,FALSE,56
spotify:track:6j8gTlbhj9KJSeypNcNAS9,Street Lights,spotify:artist:5K4W6rqBFWDnAN6FQUkS6x,,,,,,,Kanye West,,,,,,,spotify:album:3WFTGIO6E3Xh4paEOBY9OU,808s & Heartbreak,spotify:artist:5K4W6rqBFWDnAN6FQUkS6x,,,Kanye West,,,2008-11-24,https://i.scdn.co/image/ab67616d0000b273346d77e155d854735410ed18,8,03:10,https://p.scdn.co/mp3-preview/b4af3ea4d2370af03322268ebe104462253fe4e0?cid=9950ac751e34487dbbe027c4fd7f8e99,FALSE,62
spotify:track:1nNPoG2hygEvrFGlHdhvJ9,Bad News,spotify:artist:5K4W6rqBFWDnAN6FQUkS6x,,,,,,,Kanye West,,,,,,,spotify:album:3WFTGIO6E3Xh4paEOBY9OU,808s & Heartbreak,spotify:artist:5K4W6rqBFWDnAN6FQUkS6x,,,Kanye West,,,2008-11-24,https://i.scdn.co/image/ab67616d0000b273346d77e155d854735410ed18,9,03:59,https://p.scdn.co/mp3-preview/3dc71b704ce7e5d1fa0eb468495e72da5fe08c57?cid=9950ac751e34487dbbe027c4fd7f8e99,FALSE,56
spotify:track:5zuoz1NBnpoHK6g5sbEH8F,See You In My Nightmares,spotify:artist:5K4W6rqBFWDnAN6FQUkS6x, spotify:artist:55Aa2cqylxrFIXC767Z865,,,,,,Kanye West, Lil Wayne,,,,,,spotify:album:3WFTGIO6E3Xh4paEOBY9OU,808s & Heartbreak,spotify:artist:5K4W6rqBFWDnAN6FQUkS6x,,,Kanye West,,,2008-11-24,https://i.scdn.co/image/ab67616d0000b273346d77e155d854735410ed18,10,04:18,https://p.scdn.co/mp3-preview/be3cf59e800d0adae0c7fa93252a306e33cc9dee?cid=9950ac751e34487dbbe027c4fd7f8e99,FALSE,57
spotify:track:2RRFTLIglxHgAYQzsSLI4Y,Coldest Winter,spotify:artist:5K4W6rqBFWDnAN6FQUkS6x,,,,,,,Kanye West,,,,,,,spotify:album:3WFTGIO6E3Xh4paEOBY9OU,808s & Heartbreak,spotify:artist:5K4W6rqBFWDnAN6FQUkS6x,,,Kanye West,,,2008-11-24,https://i.scdn.co/image/ab67616d0000b273346d77e155d854735410ed18,11,02:44,https://p.scdn.co/mp3-preview/8f1ceeaa672e83805c0604152c9f780988d39b9f?cid=9950ac751e34487dbbe027c4fd7f8e99,FALSE,58
spotify:track:6giHsGo1eSYZSXKdNwTC62,Pinocchio Story,spotify:artist:5K4W6rqBFWDnAN6FQUkS6x,,,,,,,Kanye West,,,,,,,spotify:album:3WFTGIO6E3Xh4paEOBY9OU,808s & Heartbreak,spotify:artist:5K4W6rqBFWDnAN6FQUkS6x,,,Kanye West,,,2008-11-24,https://i.scdn.co/image/ab67616d0000b273346d77e155d854735410ed18,12,06:02,https://p.scdn.co/mp3-preview/77e5f3021f497fdff29e2a73777caba277ab93d1?cid=9950ac751e34487dbbe027c4fd7f8e99,FALSE,50
spotify:track:3BWHyuFpeNlbPLSyxNuTjp,Paranoid - NEW Mix,spotify:artist:5K4W6rqBFWDnAN6FQUkS6x, spotify:artist:1zV9UjTUevjp5VUddqIUUn, spotify:artist:5phOCTS0ZqbZGVXdpG6rLu,,,,,Kanye West, Mr Hudson, Jeff Bhasker,,,,,spotify:album:0GAyWmXVYXKFknfJk3645G,Paranoid,spotify:artist:5K4W6rqBFWDnAN6FQUkS6x,,,Kanye West,,,2009-01-01,https://i.scdn.co/image/ab67616d0000b273be728739a03b5979dd82160d,1,04:46,https://p.scdn.co/mp3-preview/88556f3667da668725594220a45e0bdb5155dfef?cid=9950ac751e34487dbbe027c4fd7f8e99,FALSE,25
spotify:track:7yNK27ZTpHew0c55VvIJgm,Dark Fantasy,spotify:artist:5K4W6rqBFWDnAN6FQUkS6x,,,,,,,Kanye West,,,,,,,spotify:album:20r762YmB5HeofjMCiPMLv,My Beautiful Dark Twisted Fantasy,spotify:artist:5K4W6rqBFWDnAN6FQUkS6x,,,Kanye West,,,2010-11-22,https://i.scdn.co/image/ab67616d0000b273d9194aa18fa4c9362b47464f,1,04:41,https://p.scdn.co/mp3-preview/f87ec38300ad1524ccb00cb2b451dd8350ee3cb4?cid=9950ac751e34487dbbe027c4fd7f8e99,TRUE,72
spotify:track:23SZWX2IaDnxmhFsSLvkG2,Gorgeous,spotify:artist:5K4W6rqBFWDnAN6FQUkS6x, spotify:artist:0fA0VVWsXO9YnASrzqfmYu, spotify:artist:2yQf6b8hxahZaT5dHlWaB1,,,,,Kanye West, Kid Cudi, Raekwon,,,,,spotify:album:20r762YmB5HeofjMCiPMLv,My Beautiful Dark Twisted Fantasy,spotify:artist:5K4W6rqBFWDnAN6FQUkS6x,,,Kanye West,,,2010-11-22,https://i.scdn.co/image/ab67616d0000b273d9194aa18fa4c9362b47464f,2,05:58,https://p.scdn.co/mp3-preview/6df73b94e207fc5f9d4ca68b7ca87b2c5a52f944?cid=9950ac751e34487dbbe027c4fd7f8e99,TRUE,71
spotify:track:2gZUPNdnz5Y45eiGxpHGSc,POWER,spotify:artist:5K4W6rqBFWDnAN6FQUkS6x,,,,,,,Kanye West,,,,,,,spotify:album:20r762YmB5HeofjMCiPMLv,My Beautiful Dark Twisted Fantasy,spotify:artist:5K4W6rqBFWDnAN6FQUkS6x,,,Kanye West,,,2010-11-22,https://i.scdn.co/image/ab67616d0000b273d9194aa18fa4c9362b47464f,3,04:53,https://p.scdn.co/mp3-preview/e1314517967d607ddfceed56d8cc12d56caa2d67?cid=9950ac751e34487dbbe027c4fd7f8e99,TRUE,79
spotify:track:4D6TpthzUVNTjWQqfBW5Kb,All Of The Lights (Interlude),spotify:artist:5K4W6rqBFWDnAN6FQUkS6x,,,,,,,Kanye West,,,,,,,spotify:album:20r762YmB5HeofjMCiPMLv,My Beautiful Dark Twisted Fantasy,spotify:artist:5K4W6rqBFWDnAN6FQUkS6x,,,Kanye West,,,2010-11-22,https://i.scdn.co/image/ab67616d0000b273d9194aa18fa4c9362b47464f,4,01:02,https://p.scdn.co/mp3-preview/893e33b805547870480c0106bc2d51932a64f955?cid=9950ac751e34487dbbe027c4fd7f8e99,TRUE,60
spotify:track:22L7bfCiAkJo5xGSQgmiIO,All Of The Lights,spotify:artist:5K4W6rqBFWDnAN6FQUkS6x,,,,,,,Kanye West,,,,,,,spotify:album:20r762YmB5HeofjMCiPMLv,My Beautiful Dark Twisted Fantasy,spotify:artist:5K4W6rqBFWDnAN6FQUkS6x,,,Kanye West,,,2010-11-22,https://i.scdn.co/image/ab67616d0000b273d9194aa18fa4c9362b47464f,5,05:00,https://p.scdn.co/mp3-preview/92e2009566e3c32776a77b63bbbe3bc25f1bd3f7?cid=9950ac751e34487dbbe027c4fd7f8e99,TRUE,76
spotify:track:1ZHYJ2Wwgxes4m8Ba88PeK,Monster,spotify:artist:5K4W6rqBFWDnAN6FQUkS6x, spotify:artist:3nFkdlSjzX9mRTtwJOzDYB, spotify:artist:1sBkRIssrMs1AbVkOJbc7a, spotify:artist:0hCNtLu0JehylgoiP8L4Gh, spotify:artist:4LEiUm1SRbFMgfqnQTwUbQ,,,Kanye West, JAY-Z, Rick Ross, Nicki Minaj, Bon Iver,,,spotify:album:20r762YmB5HeofjMCiPMLv,My Beautiful Dark Twisted Fantasy,spotify:artist:5K4W6rqBFWDnAN6FQUkS6x,,,Kanye West,,,2010-11-22,https://i.scdn.co/image/ab67616d0000b273d9194aa18fa4c9362b47464f,6,06:19,https://p.scdn.co/mp3-preview/c317bb182680911a495b2ae0cb3ffe148ad82b55?cid=9950ac751e34487dbbe027c4fd7f8e99,TRUE,72
spotify:track:6K07Ahf6V7CAQn0ikrOztl,So Appalled,spotify:artist:5K4W6rqBFWDnAN6FQUkS6x, spotify:artist:3nFkdlSjzX9mRTtwJOzDYB, spotify:artist:0ONHkAv9pCAFxb0zJwDNTy, spotify:artist:18HVMQsV3tINaTyzT5UIjH, spotify:artist:2cADQgiLMjNhbsfeN52Bf3, spotify:artist:4iCwCMnqsNZ6atvRiADgtn,,Kanye West, JAY-Z, Pusha T, CyHi, Swizz Beatz, RZA,,spotify:album:20r762YmB5HeofjMCiPMLv,My Beautiful Dark Twisted Fantasy,spotify:artist:5K4W6rqBFWDnAN6FQUkS6x,,,Kanye West,,,2010-11-22,https://i.scdn.co/image/ab67616d0000b273d9194aa18fa4c9362b47464f,7,06:38,https://p.scdn.co/mp3-preview/adb5ca968d4b25ff73203e91fa7d234730b12d9f?cid=9950ac751e34487dbbe027c4fd7f8e99,TRUE,62
spotify:track:1UGD3lW3tDmgZfAVDh6w7r,Devil In A New Dress,spotify:artist:5K4W6rqBFWDnAN6FQUkS6x, spotify:artist:1sBkRIssrMs1AbVkOJbc7a,,,,,,Kanye West, Rick Ross,,,,,,spotify:album:20r762YmB5HeofjMCiPMLv,My Beautiful Dark Twisted Fantasy,spotify:artist:5K4W6rqBFWDnAN6FQUkS6x,,,Kanye West,,,2010-11-22,https://i.scdn.co/image/ab67616d0000b273d9194aa18fa4c9362b47464f,8,05:52,https://p.scdn.co/mp3-preview/489d400f790464626a8befb74e35a57f71b1175a?cid=9950ac751e34487dbbe027c4fd7f8e99,TRUE,79
spotify:track:3DK6m7It6Pw857FcQftMds,Runaway,spotify:artist:5K4W6rqBFWDnAN6FQUkS6x, spotify:artist:0ONHkAv9pCAFxb0zJwDNTy,,,,,,Kanye West, Pusha T,,,,,,spotify:album:20r762YmB5HeofjMCiPMLv,My Beautiful Dark Twisted Fantasy,spotify:artist:5K4W6rqBFWDnAN6FQUkS6x,,,Kanye West,,,2010-11-22,https://i.scdn.co/image/ab67616d0000b273d9194aa18fa4c9362b47464f,9,09:08,https://p.scdn.co/mp3-preview/212c77f6f0e512ff7af33d1fd1a81e7350cf2ae6?cid=9950ac751e34487dbbe027c4fd7f8e99,TRUE,80
spotify:track:3rCNmRonlHN1TXQLcG3dSk,Hell Of A Life,spotify:artist:5K4W6rqBFWDnAN6FQUkS6x,,,,,,,Kanye West,,,,,,,spotify:album:20r762YmB5HeofjMCiPMLv,My Beautiful Dark Twisted Fantasy,spotify:artist:5K4W6rqBFWDnAN6FQUkS6x,,,Kanye West,,,2010-11-22,https://i.scdn.co/image/ab67616d0000b273d9194aa18fa4c9362b47464f,10,05:28,https://p.scdn.co/mp3-preview/9a616ef5b37a1a67ab4de1f69e53a0d1ccbbb822?cid=9950ac751e34487dbbe027c4fd7f8e99,TRUE,63
spotify:track:4EndPA8b6FDWYp1RgsnLEB,Blame Game,spotify:artist:5K4W6rqBFWDnAN6FQUkS6x, spotify:artist:5y2Xq6xcjJb2jVM54GHK3t,,,,,,Kanye West, John Legend,,,,,,spotify:album:20r762YmB5HeofjMCiPMLv,My Beautiful Dark Twisted Fantasy,spotify:artist:5K4W6rqBFWDnAN6FQUkS6x,,,Kanye West,,,2010-11-22,https://i.scdn.co/image/ab67616d0000b273d9194aa18fa4c9362b47464f,11,07:50,https://p.scdn.co/mp3-preview/6e1aa6a2439916c511adc8f9e17465f5fd33d00f?cid=9950ac751e34487dbbe027c4fd7f8e99,TRUE,62
spotify:track:2Im64pIz6m0EJKdUe6eZ8r,Lost In The World,spotify:artist:5K4W6rqBFWDnAN6FQUkS6x, spotify:artist:4LEiUm1SRbFMgfqnQTwUbQ,,,,,,Kanye West, Bon Iver,,,,,,spotify:album:20r762YmB5HeofjMCiPMLv,My Beautiful Dark Twisted Fantasy,spotify:artist:5K4W6rqBFWDnAN6FQUkS6x,,,Kanye West,,,2010-11-22,https://i.scdn.co/image/ab67616d0000b273d9194aa18fa4c9362b47464f,12,04:17,https://p.scdn.co/mp3-preview/dcacfe9e411c5639b700756e33391c73bcb304a6?cid=9950ac751e34487dbbe027c4fd7f8e99,TRUE,64
spotify:track:4e5IPJxSGVWPsaxQzdRseN,Who Will Survive In America,spotify:artist:5K4W6rqBFWDnAN6FQUkS6x,,,,,,,Kanye West,,,,,,,spotify:album:20r762YmB5HeofjMCiPMLv,My Beautiful Dark Twisted Fantasy,spotify:artist:5K4W6rqBFWDnAN6FQUkS6x,,,Kanye West,,,2010-11-22,https://i.scdn.co/image/ab67616d0000b273d9194aa18fa4c9362b47464f,13,01:38,https://p.scdn.co/mp3-preview/ec598c8e2bed9dae76b2da53ccaab8655214d197?cid=9950ac751e34487dbbe027c4fd7f8e99,TRUE,54
spotify:track:3Osd3Yf8K73aj4ySn6LrvK,No Church In The Wild,spotify:artist:3nFkdlSjzX9mRTtwJOzDYB, spotify:artist:5K4W6rqBFWDnAN6FQUkS6x, spotify:artist:2h93pZq0e7k5yf4dywlkpM, spotify:artist:1W3FSF1BLpY3hlVIgvenLz,,,,JAY-Z, Kanye West, Frank Ocean, The-Dream,,,,spotify:album:2P2Xwvh2xWXIZ1OWY9S9o5,Watch The Throne (Deluxe),spotify:artist:3nFkdlSjzX9mRTtwJOzDYB, spotify:artist:5K4W6rqBFWDnAN6FQUkS6x,,JAY-Z, Kanye West,,2011-08-08,https://i.scdn.co/image/ab67616d0000b2734a767758e8ebe2443591c9fd,1,04:33,https://p.scdn.co/mp3-preview/1f5b1212e131fa447758e8f3a537965b7fe9ce53?cid=9950ac751e34487dbbe027c4fd7f8e99,TRUE,77
spotify:track:08T26i7SErk6jCDTW7uUFI,Lift Off,spotify:artist:3nFkdlSjzX9mRTtwJOzDYB, spotify:artist:5K4W6rqBFWDnAN6FQUkS6x, spotify:artist:6vWDO969PvNqNYHIOW5v0m,,,,,JAY-Z, Kanye West, Beyoncé,,,,,spotify:album:2P2Xwvh2xWXIZ1OWY9S9o5,Watch The Throne (Deluxe),spotify:artist:3nFkdlSjzX9mRTtwJOzDYB, spotify:artist:5K4W6rqBFWDnAN6FQUkS6x,,JAY-Z, Kanye West,,2011-08-08,https://i.scdn.co/image/ab67616d0000b2734a767758e8ebe2443591c9fd,2,04:26,https://p.scdn.co/mp3-preview/7cd36b6f19e725eab59949c69a9c102a234246b4?cid=9950ac751e34487dbbe027c4fd7f8e99,TRUE,57
spotify:track:4Li2WHPkuyCdtmokzW2007,Ni**as In Paris,spotify:artist:3nFkdlSjzX9mRTtwJOzDYB, spotify:artist:5K4W6rqBFWDnAN6FQUkS6x,,,,,,JAY-Z, Kanye West,,,,,,spotify:album:2P2Xwvh2xWXIZ1OWY9S9o5,Watch The Throne (Deluxe),spotify:artist:3nFkdlSjzX9mRTtwJOzDYB, spotify:artist:5K4W6rqBFWDnAN6FQUkS6x,,JAY-Z, Kanye West,,2011-08-08,https://i.scdn.co/image/ab67616d0000b2734a767758e8ebe2443591c9fd,3,03:39,https://p.scdn.co/mp3-preview/49d55955f149ab57e0ac8bbe37d3bb4e6b4eeecb?cid=9950ac751e34487dbbe027c4fd7f8e99,TRUE,85
spotify:track:6vegnfDS8DAEaCqWaPYGPy,Otis,spotify:artist:3nFkdlSjzX9mRTtwJOzDYB, spotify:artist:5K4W6rqBFWDnAN6FQUkS6x, spotify:artist:60df5JBRRPcnSpsIMxxwQm,,,,,JAY-Z, Kanye West, Otis Redding,,,,,spotify:album:2P2Xwvh2xWXIZ1OWY9S9o5,Watch The Throne (Deluxe),spotify:artist:3nFkdlSjzX9mRTtwJOzDYB, spotify:artist:5K4W6rqBFWDnAN6FQUkS6x,,JAY-Z, Kanye West,,2011-08-08,https://i.scdn.co/image/ab67616d0000b2734a767758e8ebe2443591c9fd,4,02:58,https://p.scdn.co/mp3-preview/1151a23733984e0205bb3c184c9d981704eb3c3a?cid=9950ac751e34487dbbe027c4fd7f8e99,TRUE,72
spotify:track:5Pt83OUaK3K9C2if4C5JOk,Gotta Have It,spotify:artist:3nFkdlSjzX9mRTtwJOzDYB, spotify:artist:5K4W6rqBFWDnAN6FQUkS6x,,,,,,JAY-Z, Kanye West,,,,,,spotify:album:2P2Xwvh2xWXIZ1OWY9S9o5,Watch The Throne (Deluxe),spotify:artist:3nFkdlSjzX9mRTtwJOzDYB, spotify:artist:5K4W6rqBFWDnAN6FQUkS6x,,JAY-Z, Kanye West,,2011-08-08,https://i.scdn.co/image/ab67616d0000b2734a767758e8ebe2443591c9fd,5,02:21,https://p.scdn.co/mp3-preview/0376bc47f1d603c1fb536695409bcd2617232f81?cid=9950ac751e34487dbbe027c4fd7f8e99,TRUE,72
spotify:track:3SIgBSv9D8Nm3CvP0o0Q9Z,New Day,spotify:artist:3nFkdlSjzX9mRTtwJOzDYB, spotify:artist:5K4W6rqBFWDnAN6FQUkS6x,,,,,,JAY-Z, Kanye West,,,,,,spotify:album:2P2Xwvh2xWXIZ1OWY9S9o5,Watch The Throne (Deluxe),spotify:artist:3nFkdlSjzX9mRTtwJOzDYB, spotify:artist:5K4W6rqBFWDnAN6FQUkS6x,,JAY-Z, Kanye West,,2011-08-08,https://i.scdn.co/image/ab67616d0000b2734a767758e8ebe2443591c9fd,6,04:33,https://p.scdn.co/mp3-preview/ada397bbc291aec83e9f25a00a62998335dadc75?cid=9950ac751e34487dbbe027c4fd7f8e99,TRUE,56
spotify:track:3TJxCXkL774hhGUmzFLUgy,That's My Bitch,spotify:artist:3nFkdlSjzX9mRTtwJOzDYB, spotify:artist:5K4W6rqBFWDnAN6FQUkS6x,,,,,,JAY-Z, Kanye West,,,,,,spotify:album:2P2Xwvh2xWXIZ1OWY9S9o5,Watch The Throne (Deluxe),spotify:artist:3nFkdlSjzX9mRTtwJOzDYB, spotify:artist:5K4W6rqBFWDnAN6FQUkS6x,,JAY-Z, Kanye West,,2011-08-08,https://i.scdn.co/image/ab67616d0000b2734a767758e8ebe2443591c9fd,7,03:23,https://p.scdn.co/mp3-preview/8ddb840a220336d5d2a4a78dc80026950a99553b?cid=9950ac751e34487dbbe027c4fd7f8e99,TRUE,53
spotify:track:6N43Qgg9jx21vfMkTYvSi3,Welcome To The Jungle,spotify:artist:3nFkdlSjzX9mRTtwJOzDYB, spotify:artist:5K4W6rqBFWDnAN6FQUkS6x,,,,,,JAY-Z, Kanye West,,,,,,spotify:album:2P2Xwvh2xWXIZ1OWY9S9o5,Watch The Throne (Deluxe),spotify:artist:3nFkdlSjzX9mRTtwJOzDYB, spotify:artist:5K4W6rqBFWDnAN6FQUkS6x,,JAY-Z, Kanye West,,2011-08-08,https://i.scdn.co/image/ab67616d0000b2734a767758e8ebe2443591c9fd,8,02:54,https://p.scdn.co/mp3-preview/1df07f1da935e34aad2330926870ea3015d0f40b?cid=9950ac751e34487dbbe027c4fd7f8e99,TRUE,52
spotify:track:3R1k8P1MrDdLSRhlTaaWAS,Who Gon Stop Me,spotify:artist:3nFkdlSjzX9mRTtwJOzDYB, spotify:artist:5K4W6rqBFWDnAN6FQUkS6x,,,,,,JAY-Z, Kanye West,,,,,,spotify:album:2P2Xwvh2xWXIZ1OWY9S9o5,Watch The Throne (Deluxe),spotify:artist:3nFkdlSjzX9mRTtwJOzDYB, spotify:artist:5K4W6rqBFWDnAN6FQUkS6x,,JAY-Z, Kanye West,,2011-08-08,https://i.scdn.co/image/ab67616d0000b2734a767758e8ebe2443591c9fd,9,04:17,https://p.scdn.co/mp3-preview/571f20a7fdfdb72ff5f9db57fd5ca127956ab6dc?cid=9950ac751e34487dbbe027c4fd7f8e99,TRUE,60
spotify:track:1smcSwXObpmxcjCulmjMgy,Murder To Excellence,spotify:artist:3nFkdlSjzX9mRTtwJOzDYB, spotify:artist:5K4W6rqBFWDnAN6FQUkS6x,,,,,,JAY-Z, Kanye West,,,,,,spotify:album:2P2Xwvh2xWXIZ1OWY9S9o5,Watch The Throne (Deluxe),spotify:artist:3nFkdlSjzX9mRTtwJOzDYB, spotify:artist:5K4W6rqBFWDnAN6FQUkS6x,,JAY-Z, Kanye West,,2011-08-08,https://i.scdn.co/image/ab67616d0000b2734a767758e8ebe2443591c9fd,10,05:01,https://p.scdn.co/mp3-preview/45a5d22558678ff8d3bf417375fa7141b4699ef3?cid=9950ac751e34487dbbe027c4fd7f8e99,TRUE,59
spotify:track:4Mx5gDSGBHbrsgJR7r1QwJ,Made In America,spotify:artist:3nFkdlSjzX9mRTtwJOzDYB, spotify:artist:5K4W6rqBFWDnAN6FQUkS6x, spotify:artist:2h93pZq0e7k5yf4dywlkpM,,,,,JAY-Z, Kanye West, Frank Ocean,,,,,spotify:album:2P2Xwvh2xWXIZ1OWY9S9o5,Watch The Throne (Deluxe),spotify:artist:3nFkdlSjzX9mRTtwJOzDYB, spotify:artist:5K4W6rqBFWDnAN6FQUkS6x,,JAY-Z, Kanye West,,2011-08-08,https://i.scdn.co/image/ab67616d0000b2734a767758e8ebe2443591c9fd,11,04:53,https://p.scdn.co/mp3-preview/c8f5289368e02410467a7cba25d2b6348c7c3ee8?cid=9950ac751e34487dbbe027c4fd7f8e99,TRUE,52
spotify:track:4lLmG1fatRUgnRz0Ol0WUi,Why I Love You,spotify:artist:3nFkdlSjzX9mRTtwJOzDYB, spotify:artist:5K4W6rqBFWDnAN6FQUkS6x, spotify:artist:1zV9UjTUevjp5VUddqIUUn,,,,,JAY-Z, Kanye West, Mr Hudson,,,,,spotify:album:2P2Xwvh2xWXIZ1OWY9S9o5,Watch The Throne (Deluxe),spotify:artist:3nFkdlSjzX9mRTtwJOzDYB, spotify:artist:5K4W6rqBFWDnAN6FQUkS6x,,JAY-Z, Kanye West,,2011-08-08,https://i.scdn.co/image/ab67616d0000b2734a767758e8ebe2443591c9fd,12,03:21,https://p.scdn.co/mp3-preview/02c3d811aba87270053ee3bf15f1278d9e2bb570?cid=9950ac751e34487dbbe027c4fd7f8e99,TRUE,63
spotify:track:4HWQexsnWXsAKBJp52hU4G,Illest Motherf**ker Alive,spotify:artist:3nFkdlSjzX9mRTtwJOzDYB, spotify:artist:5K4W6rqBFWDnAN6FQUkS6x,,,,,,JAY-Z, Kanye West,,,,,,spotify:album:2P2Xwvh2xWXIZ1OWY9S9o5,Watch The Throne (Deluxe),spotify:artist:3nFkdlSjzX9mRTtwJOzDYB, spotify:artist:5K4W6rqBFWDnAN6FQUkS6x,,JAY-Z, Kanye West,,2011-08-08,https://i.scdn.co/image/ab67616d0000b2734a767758e8ebe2443591c9fd,13,08:23,https://p.scdn.co/mp3-preview/a2bbc7882cd95f9363c741d5d4b17cf2f3dcb07a?cid=9950ac751e34487dbbe027c4fd7f8e99,TRUE,49
spotify:track:7esMRbSzvLv60O70XLZFbc,H•A•M,spotify:artist:5K4W6rqBFWDnAN6FQUkS6x, spotify:artist:3nFkdlSjzX9mRTtwJOzDYB,,,,,,Kanye West, JAY-Z,,,,,,spotify:album:2P2Xwvh2xWXIZ1OWY9S9o5,Watch The Throne (Deluxe),spotify:artist:3nFkdlSjzX9mRTtwJOzDYB, spotify:artist:5K4W6rqBFWDnAN6FQUkS6x,,JAY-Z, Kanye West,,2011-08-08,https://i.scdn.co/image/ab67616d0000b2734a767758e8ebe2443591c9fd,14,04:36,https://p.scdn.co/mp3-preview/6878decaf03eeb9e360d7f8ef085787c7be97bdb?cid=9950ac751e34487dbbe027c4fd7f8e99,TRUE,56
spotify:track:5zes2uxTNuqNlO6toDTZN5,Primetime,spotify:artist:3nFkdlSjzX9mRTtwJOzDYB, spotify:artist:5K4W6rqBFWDnAN6FQUkS6x,,,,,,JAY-Z, Kanye West,,,,,,spotify:album:2P2Xwvh2xWXIZ1OWY9S9o5,Watch The Throne (Deluxe),spotify:artist:3nFkdlSjzX9mRTtwJOzDYB, spotify:artist:5K4W6rqBFWDnAN6FQUkS6x,,JAY-Z, Kanye West,,2011-08-08,https://i.scdn.co/image/ab67616d0000b2734a767758e8ebe2443591c9fd,15,03:19,https://p.scdn.co/mp3-preview/ccd16e693de0eb490f65f3e48c1951b33093f91c?cid=9950ac751e34487dbbe027c4fd7f8e99,TRUE,53
spotify:track:0fjUmA3EdEZBBVyKNhsct0,The Joy,spotify:artist:3nFkdlSjzX9mRTtwJOzDYB, spotify:artist:5K4W6rqBFWDnAN6FQUkS6x, spotify:artist:2AV6XDIs32ofIJhkkDevjm,,,,,JAY-Z, Kanye West, Curtis Mayfield,,,,,spotify:album:2P2Xwvh2xWXIZ1OWY9S9o5,Watch The Throne (Deluxe),spotify:artist:3nFkdlSjzX9mRTtwJOzDYB, spotify:artist:5K4W6rqBFWDnAN6FQUkS6x,,JAY-Z, Kanye West,,2011-08-08,https://i.scdn.co/image/ab67616d0000b2734a767758e8ebe2443591c9fd,16,05:18,https://p.scdn.co/mp3-preview/a323720f21a91203a373b1b768b9070344087848?cid=9950ac751e34487dbbe027c4fd7f8e99,TRUE,50
spotify:track:4OeQM6VKvF8QQLaqvhP3qo,To The World,spotify:artist:5K4W6rqBFWDnAN6FQUkS6x, spotify:artist:2mxe0TnaNL039ysAj51xPQ, spotify:artist:4ULO7IGI3M2bo0Ap7B9h8a,,,,,Kanye West, R. Kelly, Teyana Taylor,,,,,spotify:album:0bcOGgwJpwBjfFBTApoqSn,Kanye West Presents Good Music Cruel Summer,spotify:artist:0LyfQWJT6nXafLPZqxe9Of,,,Vários intérpretes,,,2012-01-01,https://i.scdn.co/image/ab67616d0000b2733a2d2b9621ef645380c63c16,1,03:51,https://p.scdn.co/mp3-preview/c05ba07f42dbc0494ac2a39be6e12c317f1289a0?cid=9950ac751e34487dbbe027c4fd7f8e99,TRUE,41
spotify:track:65rRB2mspD309xE6YimZTl,Clique,spotify:artist:5K4W6rqBFWDnAN6FQUkS6x, spotify:artist:3nFkdlSjzX9mRTtwJOzDYB, spotify:artist:0c173mlxpT3dSFRgMO8XPh,,,,,Kanye West, JAY-Z, Big Sean,,,,,spotify:album:0bcOGgwJpwBjfFBTApoqSn,Kanye West Presents Good Music Cruel Summer,spotify:artist:0LyfQWJT6nXafLPZqxe9Of,,,Vários intérpretes,,,2012-01-01,https://i.scdn.co/image/ab67616d0000b2733a2d2b9621ef645380c63c16,2,04:54,https://p.scdn.co/mp3-preview/2b5f7eeb1f9ce9f98f078e908fbb785640d4cb88?cid=9950ac751e34487dbbe027c4fd7f8e99,TRUE,66
spotify:track:671XaUBmifTMXDbZK5CB1M,Mercy.1,spotify:artist:5K4W6rqBFWDnAN6FQUkS6x, spotify:artist:0c173mlxpT3dSFRgMO8XPh, spotify:artist:0ONHkAv9pCAFxb0zJwDNTy, spotify:artist:17lzZA2AlOHwCwFALHttmp,,,,Kanye West, Big Sean, Pusha T, 2 Chainz,,,,spotify:album:0bcOGgwJpwBjfFBTApoqSn,Kanye West Presents Good Music Cruel Summer,spotify:artist:0LyfQWJT6nXafLPZqxe9Of,,,Vários intérpretes,,,2012-01-01,https://i.scdn.co/image/ab67616d0000b2733a2d2b9621ef645380c63c16,3,05:26,https://p.scdn.co/mp3-preview/94789ad5d2365af6519abff78be34f3b00e23c82?cid=9950ac751e34487dbbe027c4fd7f8e99,TRUE,61
spotify:track:2Fq5o2kLhNssLiRATRcPFT,New God Flow.1,spotify:artist:5K4W6rqBFWDnAN6FQUkS6x, spotify:artist:0ONHkAv9pCAFxb0zJwDNTy, spotify:artist:6FD0unjzGQhX3b6eMccMJe,,,,,Kanye West, Pusha T, Ghostface Killah,,,,,spotify:album:0bcOGgwJpwBjfFBTApoqSn,Kanye West Presents Good Music Cruel Summer,spotify:artist:0LyfQWJT6nXafLPZqxe9Of,,,Vários intérpretes,,,2012-01-01,https://i.scdn.co/image/ab67616d0000b2733a2d2b9621ef645380c63c16,4,05:57,https://p.scdn.co/mp3-preview/6cbc91fc62ccec0f26f463a8998301c3075770ae?cid=9950ac751e34487dbbe027c4fd7f8e99,TRUE,43
spotify:track:6KdwBL0OFecxLc1cSV9WVp,The Morning,spotify:artist:2yQf6b8hxahZaT5dHlWaB1, spotify:artist:0ONHkAv9pCAFxb0zJwDNTy, spotify:artist:2GHclqNVjqGuiE5mA7BEoc, spotify:artist:17lzZA2AlOHwCwFALHttmp, spotify:artist:18HVMQsV3tINaTyzT5UIjH, spotify:artist:0fA0VVWsXO9YnASrzqfmYu, spotify:artist:5RCdjio4ASMQ8CFaSuAl6C,Raekwon, Pusha T, Common, 2 Chainz, CyHi, Kid Cudi, D'banj,spotify:album:0bcOGgwJpwBjfFBTApoqSn,Kanye West Presents Good Music Cruel Summer,spotify:artist:0LyfQWJT6nXafLPZqxe9Of,,,Vários intérpretes,,,2012-01-01,https://i.scdn.co/image/ab67616d0000b2733a2d2b9621ef645380c63c16,5,04:36,https://p.scdn.co/mp3-preview/f5e7bd8dcba204e8c6bc7fb6655b4b222697aade?cid=9950ac751e34487dbbe027c4fd7f8e99,TRUE,49
spotify:track:7jCkMZdvs8ABVd7fAHyQHM,Cold.1,spotify:artist:5K4W6rqBFWDnAN6FQUkS6x, spotify:artist:0QHgL1lAIqAw0HtD7YldmP,,,,,,Kanye West, DJ Khaled,,,,,,spotify:album:0bcOGgwJpwBjfFBTApoqSn,Kanye West Presents Good Music Cruel Summer,spotify:artist:0LyfQWJT6nXafLPZqxe9Of,,,Vários intérpretes,,,2012-01-01,https://i.scdn.co/image/ab67616d0000b2733a2d2b9621ef645380c63c16,6,03:36,https://p.scdn.co/mp3-preview/88b8e93d75af1324de8ba1f70d2cdc8300dd204b?cid=9950ac751e34487dbbe027c4fd7f8e99,TRUE,45
spotify:track:3yldvwyhm4WKrPyoJHSx99,Higher,spotify:artist:1W3FSF1BLpY3hlVIgvenLz, spotify:artist:0ONHkAv9pCAFxb0zJwDNTy, spotify:artist:34t9RzI5oDMZJVmcoUZnJE, spotify:artist:2p4NADimVKvKnagDt4tcRQ,,,,The-Dream, Pusha T, Ma$e, Cocaine 80s,,,,spotify:album:0bcOGgwJpwBjfFBTApoqSn,Kanye West Presents Good Music Cruel Summer,spotify:artist:0LyfQWJT6nXafLPZqxe9Of,,,Vários intérpretes,,,2012-01-01,https://i.scdn.co/image/ab67616d0000b2733a2d2b9621ef645380c63c16,7,04:34,https://p.scdn.co/mp3-preview/1048dc61e7487d1f997fadce43680846c1efbaa8?cid=9950ac751e34487dbbe027c4fd7f8e99,TRUE,40
spotify:track:3BkPFyejx6Qf4otNHMvxap,Sin City,spotify:artist:5y2Xq6xcjJb2jVM54GHK3t, spotify:artist:0Y5tJX1MQlPlqiwlOH1tJY, spotify:artist:4ULO7IGI3M2bo0Ap7B9h8a, spotify:artist:18HVMQsV3tINaTyzT5UIjH, spotify:artist:2hikCywT7dcTj6gt3jmsbD,,,John Legend, Travis Scott, Teyana Taylor, CyHi, Malik Yusef,,,spotify:album:0bcOGgwJpwBjfFBTApoqSn,Kanye West Presents Good Music Cruel Summer,spotify:artist:0LyfQWJT6nXafLPZqxe9Of,,,Vários intérpretes,,,2012-01-01,https://i.scdn.co/image/ab67616d0000b2733a2d2b9621ef645380c63c16,8,04:28,https://p.scdn.co/mp3-preview/a59190373ba25087c915dc2207f808621e350df7?cid=9950ac751e34487dbbe027c4fd7f8e99,TRUE,42
spotify:track:6uG4BxL4qqSIOXfEiGdpBf,The One,spotify:artist:5K4W6rqBFWDnAN6FQUkS6x, spotify:artist:0c173mlxpT3dSFRgMO8XPh, spotify:artist:17lzZA2AlOHwCwFALHttmp, spotify:artist:46VWDbmWmzvPBTmkSr25gM,,,,Kanye West, Big Sean, 2 Chainz, Marsha Ambrosius,,,,spotify:album:0bcOGgwJpwBjfFBTApoqSn,Kanye West Presents Good Music Cruel Summer,spotify:artist:0LyfQWJT6nXafLPZqxe9Of,,,Vários intérpretes,,,2012-01-01,https://i.scdn.co/image/ab67616d0000b2733a2d2b9621ef645380c63c16,9,05:45,https://p.scdn.co/mp3-preview/e558e907f27c9fd901afdef97c2ed796495cfa24?cid=9950ac751e34487dbbe027c4fd7f8e99,TRUE,40
spotify:track:6vO5OZ18h33ZO40S9plFDx,Creepers,spotify:artist:0fA0VVWsXO9YnASrzqfmYu,,,,,,,Kid Cudi,,,,,,,spotify:album:0bcOGgwJpwBjfFBTApoqSn,Kanye West Presents Good Music Cruel Summer,spotify:artist:0LyfQWJT6nXafLPZqxe9Of,,,Vários intérpretes,,,2012-01-01,https://i.scdn.co/image/ab67616d0000b2733a2d2b9621ef645380c63c16,10,03:14,https://p.scdn.co/mp3-preview/7f330f45b5608b947dbf6bc0426ddb4882974997?cid=9950ac751e34487dbbe027c4fd7f8e99,TRUE,44
spotify:track:5wDk4aZoWHvO8HAhOkxzZe,Bliss,spotify:artist:5y2Xq6xcjJb2jVM54GHK3t, spotify:artist:4ULO7IGI3M2bo0Ap7B9h8a,,,,,,John Legend, Teyana Taylor,,,,,,spotify:album:0bcOGgwJpwBjfFBTApoqSn,Kanye West Presents Good Music Cruel Summer,spotify:artist:0LyfQWJT6nXafLPZqxe9Of,,,Vários intérpretes,,,2012-01-01,https://i.scdn.co/image/ab67616d0000b2733a2d2b9621ef645380c63c16,11,03:31,https://p.scdn.co/mp3-preview/1db1db6623efa931ab062bf985607840cb4fb5a4?cid=9950ac751e34487dbbe027c4fd7f8e99,TRUE,37
spotify:track:2rJvc7nSYWBKAuNUMx1Cr2,Don't Like.1,spotify:artist:5K4W6rqBFWDnAN6FQUkS6x, spotify:artist:15iVAtD3s3FsQR4w1v6M0P, spotify:artist:0ONHkAv9pCAFxb0zJwDNTy, spotify:artist:0c173mlxpT3dSFRgMO8XPh, spotify:artist:5pnbUBPifNnlusY8kTBivi,,,Kanye West, Chief Keef, Pusha T, Big Sean, Jadakiss,,,spotify:album:0bcOGgwJpwBjfFBTApoqSn,Kanye West Presents Good Music Cruel Summer,spotify:artist:0LyfQWJT6nXafLPZqxe9Of,,,Vários intérpretes,,,2012-01-01,https://i.scdn.co/image/ab67616d0000b2733a2d2b9621ef645380c63c16,12,04:44,https://p.scdn.co/mp3-preview/e103d734e7382e73fcc34b2d1b4c46205b6ce0cd?cid=9950ac751e34487dbbe027c4fd7f8e99,TRUE,63
spotify:track:4eOJxoVUcN0kFX3ymAoREV,Cold,spotify:artist:5K4W6rqBFWDnAN6FQUkS6x, spotify:artist:0QHgL1lAIqAw0HtD7YldmP,,,,,,Kanye West, DJ Khaled,,,,,,spotify:album:0hWnFKG2S9mCzhbQNmFAGe,Cold,spotify:artist:5K4W6rqBFWDnAN6FQUkS6x,,,Kanye West,,,2012-01-01,https://i.scdn.co/image/ab67616d0000b273cc651ed3ea1524935194a04a,1,03:40,https://p.scdn.co/mp3-preview/e5f22e48aa2527c480781f3026b8b41122adb2b2?cid=9950ac751e34487dbbe027c4fd7f8e99,TRUE,45
spotify:track:4qikXelSRKvoCqFcHLB2H2,Mercy,spotify:artist:5K4W6rqBFWDnAN6FQUkS6x, spotify:artist:0c173mlxpT3dSFRgMO8XPh, spotify:artist:0ONHkAv9pCAFxb0zJwDNTy, spotify:artist:17lzZA2AlOHwCwFALHttmp,,,,Kanye West, Big Sean, Pusha T, 2 Chainz,,,,spotify:album:0hmFRR0pDSZIAvoJqEFSKv,Mercy,spotify:artist:5K4W6rqBFWDnAN6FQUkS6x,,,Kanye West,,,2012-01-01,https://i.scdn.co/image/ab67616d0000b2732127d038204bc32c416d55e2,1,05:29,https://p.scdn.co/mp3-preview/692f4bb55b7ee877dcfbbd59ec4c3570cfd56ea5?cid=9950ac751e34487dbbe027c4fd7f8e99,TRUE,73
spotify:track:1DbeslBYnckTqqTcc1Y2Tg,New God Flow,spotify:artist:0ONHkAv9pCAFxb0zJwDNTy, spotify:artist:5K4W6rqBFWDnAN6FQUkS6x,,,,,,Pusha T, Kanye West,,,,,,spotify:album:3gFzpNzh1Kb48CwztWkeLu,New God Flow,spotify:artist:0ONHkAv9pCAFxb0zJwDNTy, spotify:artist:5K4W6rqBFWDnAN6FQUkS6x,,Pusha T, Kanye West,,2012-01-01,https://i.scdn.co/image/ab67616d0000b27325b48af98f6a17dce6ca5082,1,04:55,https://p.scdn.co/mp3-preview/b54e08c168caa7a933e13819797767fa162e4b78?cid=9950ac751e34487dbbe027c4fd7f8e99,TRUE,51
spotify:track:1gqkRc9WtOpnGIqxf2Hvzr,On Sight,spotify:artist:5K4W6rqBFWDnAN6FQUkS6x,,,,,,,Kanye West,,,,,,,spotify:album:7D2NdGvBHIavgLhmcwhluK,Yeezus,spotify:artist:5K4W6rqBFWDnAN6FQUkS6x,,,Kanye West,,,2013-06-18,https://i.scdn.co/image/ab67616d0000b2731dacfbc31cc873d132958af9,1,02:36,https://p.scdn.co/mp3-preview/225bb3c3c056f8d070395ff9072e4ea2d5dc564e?cid=9950ac751e34487dbbe027c4fd7f8e99,TRUE,68
spotify:track:722tgOgdIbNe3BEyLnejw4,Black Skinhead,spotify:artist:5K4W6rqBFWDnAN6FQUkS6x,,,,,,,Kanye West,,,,,,,spotify:album:7D2NdGvBHIavgLhmcwhluK,Yeezus,spotify:artist:5K4W6rqBFWDnAN6FQUkS6x,,,Kanye West,,,2013-06-18,https://i.scdn.co/image/ab67616d0000b2731dacfbc31cc873d132958af9,2,03:08,https://p.scdn.co/mp3-preview/e8bbdb49b2c046c68020e83a7001b7a8297327bd?cid=9950ac751e34487dbbe027c4fd7f8e99,TRUE,75
spotify:track:0HMCdlOPJkAGlB0MlSWIcO,I Am A God,spotify:artist:5K4W6rqBFWDnAN6FQUkS6x,,,,,,,Kanye West,,,,,,,spotify:album:7D2NdGvBHIavgLhmcwhluK,Yeezus,spotify:artist:5K4W6rqBFWDnAN6FQUkS6x,,,Kanye West,,,2013-06-18,https://i.scdn.co/image/ab67616d0000b2731dacfbc31cc873d132958af9,3,03:52,https://p.scdn.co/mp3-preview/e42ffd7918384b5fe67ca5e20e1ba7e3661866a2?cid=9950ac751e34487dbbe027c4fd7f8e99,TRUE,59
spotify:track:4cAgkb0ifwn0FSHGXnr4F6,New Slaves,spotify:artist:5K4W6rqBFWDnAN6FQUkS6x,,,,,,,Kanye West,,,,,,,spotify:album:7D2NdGvBHIavgLhmcwhluK,Yeezus,spotify:artist:5K4W6rqBFWDnAN6FQUkS6x,,,Kanye West,,,2013-06-18,https://i.scdn.co/image/ab67616d0000b2731dacfbc31cc873d132958af9,4,04:17,https://p.scdn.co/mp3-preview/fe5997c6f51e71253b1f653b70c5724e7ab365cc?cid=9950ac751e34487dbbe027c4fd7f8e99,TRUE,65
spotify:track:5nIu0VwPOsjkF61zfevLKh,Hold My Liquor,spotify:artist:5K4W6rqBFWDnAN6FQUkS6x,,,,,,,Kanye West,,,,,,,spotify:album:7D2NdGvBHIavgLhmcwhluK,Yeezus,spotify:artist:5K4W6rqBFWDnAN6FQUkS6x,,,Kanye West,,,2013-06-18,https://i.scdn.co/image/ab67616d0000b2731dacfbc31cc873d132958af9,5,05:27,https://p.scdn.co/mp3-preview/08ed60c7e6de94eb48de8026c45b2ae6937870eb?cid=9950ac751e34487dbbe027c4fd7f8e99,TRUE,65
spotify:track:52NmkyHsGsHGb1UX8fTkMg,I'm In It,spotify:artist:5K4W6rqBFWDnAN6FQUkS6x,,,,,,,Kanye West,,,,,,,spotify:album:7D2NdGvBHIavgLhmcwhluK,Yeezus,spotify:artist:5K4W6rqBFWDnAN6FQUkS6x,,,Kanye West,,,2013-06-18,https://i.scdn.co/image/ab67616d0000b2731dacfbc31cc873d132958af9,6,03:55,https://p.scdn.co/mp3-preview/888e6e0c549d6e3e790e12ee80e15dda8fd18ea3?cid=9950ac751e34487dbbe027c4fd7f8e99,TRUE,57
spotify:track:42GcjriRK6srwHkfbkBqVl,Blood On The Leaves,spotify:artist:5K4W6rqBFWDnAN6FQUkS6x,,,,,,,Kanye West,,,,,,,spotify:album:7D2NdGvBHIavgLhmcwhluK,Yeezus,spotify:artist:5K4W6rqBFWDnAN6FQUkS6x,,,Kanye West,,,2013-06-18,https://i.scdn.co/image/ab67616d0000b2731dacfbc31cc873d132958af9,7,06:00,https://p.scdn.co/mp3-preview/37841af81ff5300def79840e36adfe5d23fcd39f?cid=9950ac751e34487dbbe027c4fd7f8e99,TRUE,66
spotify:track:5nPOM0nFRAJ3XI8xCxNAzO,Guilt Trip,spotify:artist:5K4W6rqBFWDnAN6FQUkS6x,,,,,,,Kanye West,,,,,,,spotify:album:7D2NdGvBHIavgLhmcwhluK,Yeezus,spotify:artist:5K4W6rqBFWDnAN6FQUkS6x,,,Kanye West,,,2013-06-18,https://i.scdn.co/image/ab67616d0000b2731dacfbc31cc873d132958af9,8,04:04,https://p.scdn.co/mp3-preview/85612abf9ea8f61acc4c049a026451e74cde193a?cid=9950ac751e34487dbbe027c4fd7f8e99,TRUE,58
spotify:track:3RKblQNJs8HPvWBgXmq6nn,Send It Up,spotify:artist:5K4W6rqBFWDnAN6FQUkS6x,,,,,,,Kanye West,,,,,,,spotify:album:7D2NdGvBHIavgLhmcwhluK,Yeezus,spotify:artist:5K4W6rqBFWDnAN6FQUkS6x,,,Kanye West,,,2013-06-18,https://i.scdn.co/image/ab67616d0000b2731dacfbc31cc873d132958af9,9,02:58,https://p.scdn.co/mp3-preview/fba25d8887dd85ca287c4bf918b33759cdc06e34?cid=9950ac751e34487dbbe027c4fd7f8e99,TRUE,57
spotify:track:3sNVsP50132BTNlImLx70i,Bound 2,spotify:artist:5K4W6rqBFWDnAN6FQUkS6x,,,,,,,Kanye West,,,,,,,spotify:album:7D2NdGvBHIavgLhmcwhluK,Yeezus,spotify:artist:5K4W6rqBFWDnAN6FQUkS6x,,,Kanye West,,,2013-06-18,https://i.scdn.co/image/ab67616d0000b2731dacfbc31cc873d132958af9,10,03:49,https://p.scdn.co/mp3-preview/29e764b42b388d06a2d4abdc2bdae9e1834cf296?cid=9950ac751e34487dbbe027c4fd7f8e99,TRUE,87
spotify:track:0j35X8cTq543QDYLOyqB8W,Only One,spotify:artist:5K4W6rqBFWDnAN6FQUkS6x, spotify:artist:4STHEaNw4mPZ2tzheohgXB,,,,,,Kanye West, Paul McCartney,,,,,,spotify:album:2ar6Yxkh6psvQOrGqk248v,Only One,spotify:artist:5K4W6rqBFWDnAN6FQUkS6x,,,Kanye West,,,2015-01-08,https://i.scdn.co/image/ab67616d0000b273f2209e63affaa48af1b0a3b5,1,04:40,https://p.scdn.co/mp3-preview/7ec0ad6a1505104ebfb8077c142082eef4ba74b9?cid=9950ac751e34487dbbe027c4fd7f8e99,FALSE,59
spotify:track:78TTtXnFQPzwqlbtbwqN0y,FourFiveSeconds,spotify:artist:5pKCCKE2ajJHZ9KAiaK11H, spotify:artist:5K4W6rqBFWDnAN6FQUkS6x, spotify:artist:4STHEaNw4mPZ2tzheohgXB,,,,,Rihanna, Kanye West, Paul McCartney,,,,,spotify:album:7yBl4uFyJzH48Vy6tPieXL,FourFiveSeconds,spotify:artist:5pKCCKE2ajJHZ9KAiaK11H, spotify:artist:5K4W6rqBFWDnAN6FQUkS6x, spotify:artist:4STHEaNw4mPZ2tzheohgXB,Rihanna, Kanye West, Paul McCartney,2015-01-24,https://i.scdn.co/image/ab67616d0000b27336a9ed72b45e54ff307641be,1,03:08,https://p.scdn.co/mp3-preview/186634aaa4ddb2549e41b746f27647bbd207f7f6?cid=9950ac751e34487dbbe027c4fd7f8e99,FALSE,79
spotify:track:79reBHqpRoWXaQbjBBY3UC,All Day,spotify:artist:5K4W6rqBFWDnAN6FQUkS6x, spotify:artist:4EMtGVFvfCSrEmWaGV0roE, spotify:artist:1tUALn7PEhW7LpMuxvat2x, spotify:artist:4STHEaNw4mPZ2tzheohgXB,,,,Kanye West, Theophilus London, Allan Kingdom, Paul McCartney,,,,spotify:album:6PMuXABPVPf11EgTxrjroO,All Day,spotify:artist:5K4W6rqBFWDnAN6FQUkS6x,,,Kanye West,,,2015-03-02,https://i.scdn.co/image/ab67616d0000b2734f96137ee493d57977218c2f,1,05:11,https://p.scdn.co/mp3-preview/7570d94166ce0cff41f48b84cea6754d68c933e7?cid=9950ac751e34487dbbe027c4fd7f8e99,TRUE,61
spotify:track:1eQBEelI2NCy7AUTerX0KS,Ultralight Beam,spotify:artist:5K4W6rqBFWDnAN6FQUkS6x,,,,,,,Kanye West,,,,,,,spotify:album:7gsWAHLeT0w7es6FofOXk1,The Life Of Pablo,spotify:artist:5K4W6rqBFWDnAN6FQUkS6x,,,Kanye West,,,2016-06-10,https://i.scdn.co/image/ab67616d0000b2732a7db835b912dc5014bd37f4,1,05:21,https://p.scdn.co/mp3-preview/4c1eec960dba453f254048de7f09dae9ca40df6a?cid=9950ac751e34487dbbe027c4fd7f8e99,TRUE,70
spotify:track:4KW1lqgSr8TKrvBII0Brf8,Father Stretch My Hands Pt. 1,spotify:artist:5K4W6rqBFWDnAN6FQUkS6x,,,,,,,Kanye West,,,,,,,spotify:album:7gsWAHLeT0w7es6FofOXk1,The Life Of Pablo,spotify:artist:5K4W6rqBFWDnAN6FQUkS6x,,,Kanye West,,,2016-06-10,https://i.scdn.co/image/ab67616d0000b2732a7db835b912dc5014bd37f4,2,02:16,https://p.scdn.co/mp3-preview/57a9595ec237d7980849599b9e321d4ce28af42f?cid=9950ac751e34487dbbe027c4fd7f8e99,TRUE,83
spotify:track:1Wsbr1d2BouNGk2q92mIj7,Pt. 2,spotify:artist:5K4W6rqBFWDnAN6FQUkS6x,,,,,,,Kanye West,,,,,,,spotify:album:7gsWAHLeT0w7es6FofOXk1,The Life Of Pablo,spotify:artist:5K4W6rqBFWDnAN6FQUkS6x,,,Kanye West,,,2016-06-10,https://i.scdn.co/image/ab67616d0000b2732a7db835b912dc5014bd37f4,3,02:10,https://p.scdn.co/mp3-preview/4b2b3c6b68092bca25c150a2b00a31ed25ac4f08?cid=9950ac751e34487dbbe027c4fd7f8e99,TRUE,67
spotify:track:19a3JfW8BQwqHWUMbcqSx8,Famous,spotify:artist:5K4W6rqBFWDnAN6FQUkS6x,,,,,,,Kanye West,,,,,,,spotify:album:7gsWAHLeT0w7es6FofOXk1,The Life Of Pablo,spotify:artist:5K4W6rqBFWDnAN6FQUkS6x,,,Kanye West,,,2016-06-10,https://i.scdn.co/image/ab67616d0000b2732a7db835b912dc5014bd37f4,4,03:16,https://p.scdn.co/mp3-preview/9c6c8ca125b73f516e4bb8125d44efbcebe8c1c9?cid=9950ac751e34487dbbe027c4fd7f8e99,TRUE,73
spotify:track:49fT6owWuknekShh9utsjv,Feedback,spotify:artist:5K4W6rqBFWDnAN6FQUkS6x,,,,,,,Kanye West,,,,,,,spotify:album:7gsWAHLeT0w7es6FofOXk1,The Life Of Pablo,spotify:artist:5K4W6rqBFWDnAN6FQUkS6x,,,Kanye West,,,2016-06-10,https://i.scdn.co/image/ab67616d0000b2732a7db835b912dc5014bd37f4,5,02:27,https://p.scdn.co/mp3-preview/046681c6f9435a5a88b2e155568fe90f988cc65b?cid=9950ac751e34487dbbe027c4fd7f8e99,TRUE,62
spotify:track:36o4taPyOdnOMf01ERmn9a,Low Lights,spotify:artist:5K4W6rqBFWDnAN6FQUkS6x,,,,,,,Kanye West,,,,,,,spotify:album:7gsWAHLeT0w7es6FofOXk1,The Life Of Pablo,spotify:artist:5K4W6rqBFWDnAN6FQUkS6x,,,Kanye West,,,2016-06-10,https://i.scdn.co/image/ab67616d0000b2732a7db835b912dc5014bd37f4,6,02:12,https://p.scdn.co/mp3-preview/a88f1f61238047327172f697f5d83b014c8e154f?cid=9950ac751e34487dbbe027c4fd7f8e99,TRUE,56
spotify:track:4qYLPta5HZ36idWiXtqh7B,Highlights,spotify:artist:5K4W6rqBFWDnAN6FQUkS6x,,,,,,,Kanye West,,,,,,,spotify:album:7gsWAHLeT0w7es6FofOXk1,The Life Of Pablo,spotify:artist:5K4W6rqBFWDnAN6FQUkS6x,,,Kanye West,,,2016-06-10,https://i.scdn.co/image/ab67616d0000b2732a7db835b912dc5014bd37f4,7,03:20,https://p.scdn.co/mp3-preview/46a9df1eb6dfb23b7ef4417e47ff22a25565f701?cid=9950ac751e34487dbbe027c4fd7f8e99,TRUE,59
spotify:track:6wfzokDylbrJzrJcpnBkcy,Freestyle 4,spotify:artist:5K4W6rqBFWDnAN6FQUkS6x,,,,,,,Kanye West,,,,,,,spotify:album:7gsWAHLeT0w7es6FofOXk1,The Life Of Pablo,spotify:artist:5K4W6rqBFWDnAN6FQUkS6x,,,Kanye West,,,2016-06-10,https://i.scdn.co/image/ab67616d0000b2732a7db835b912dc5014bd37f4,8,02:03,https://p.scdn.co/mp3-preview/a3da2cfe19c8440f4a2d3966f531e5266b793fdd?cid=9950ac751e34487dbbe027c4fd7f8e99,TRUE,58
spotify:track:5CGS4UovzA7ftCJkLVXQju,I Love Kanye,spotify:artist:5K4W6rqBFWDnAN6FQUkS6x,,,,,,,Kanye West,,,,,,,spotify:album:7gsWAHLeT0w7es6FofOXk1,The Life Of Pablo,spotify:artist:5K4W6rqBFWDnAN6FQUkS6x,,,Kanye West,,,2016-06-10,https://i.scdn.co/image/ab67616d0000b2732a7db835b912dc5014bd37f4,9,00:45,https://p.scdn.co/mp3-preview/b57cf464550d23d20b7b9aca2e3a118148a65315?cid=9950ac751e34487dbbe027c4fd7f8e99,TRUE,65
spotify:track:3nAq2hCr1oWsIU54tS98pL,Waves,spotify:artist:5K4W6rqBFWDnAN6FQUkS6x,,,,,,,Kanye West,,,,,,,spotify:album:7gsWAHLeT0w7es6FofOXk1,The Life Of Pablo,spotify:artist:5K4W6rqBFWDnAN6FQUkS6x,,,Kanye West,,,2016-06-10,https://i.scdn.co/image/ab67616d0000b2732a7db835b912dc5014bd37f4,10,03:02,https://p.scdn.co/mp3-preview/0e7abaa6542bcb388c9487a9b0e72847141cf4af?cid=9950ac751e34487dbbe027c4fd7f8e99,TRUE,73
spotify:track:30Zcjs7pgEkmJA1lEbGSWT,FML,spotify:artist:5K4W6rqBFWDnAN6FQUkS6x,,,,,,,Kanye West,,,,,,,spotify:album:7gsWAHLeT0w7es6FofOXk1,The Life Of Pablo,spotify:artist:5K4W6rqBFWDnAN6FQUkS6x,,,Kanye West,,,2016-06-10,https://i.scdn.co/image/ab67616d0000b2732a7db835b912dc5014bd37f4,11,03:56,https://p.scdn.co/mp3-preview/20aa27fbe451f56919d236c398d70e67fa9cbdd9?cid=9950ac751e34487dbbe027c4fd7f8e99,TRUE,66
spotify:track:66Q3fAmSX5eHamgbKa9alP,Real Friends,spotify:artist:5K4W6rqBFWDnAN6FQUkS6x,,,,,,,Kanye West,,,,,,,spotify:album:7gsWAHLeT0w7es6FofOXk1,The Life Of Pablo,spotify:artist:5K4W6rqBFWDnAN6FQUkS6x,,,Kanye West,,,2016-06-10,https://i.scdn.co/image/ab67616d0000b2732a7db835b912dc5014bd37f4,12,04:12,https://p.scdn.co/mp3-preview/ec8f757ada271e23848ed099985b61561dbe2ca3?cid=9950ac751e34487dbbe027c4fd7f8e99,TRUE,66
spotify:track:432hUIl3ISDeytYW5XBQ5h,Wolves,spotify:artist:5K4W6rqBFWDnAN6FQUkS6x,,,,,,,Kanye West,,,,,,,spotify:album:7gsWAHLeT0w7es6FofOXk1,The Life Of Pablo,spotify:artist:5K4W6rqBFWDnAN6FQUkS6x,,,Kanye West,,,2016-06-10,https://i.scdn.co/image/ab67616d0000b2732a7db835b912dc5014bd37f4,13,05:02,https://p.scdn.co/mp3-preview/e9a6620f1a6ebecca3ce935d75ae9e030a6a7bce?cid=9950ac751e34487dbbe027c4fd7f8e99,TRUE,69
spotify:track:20r94xA0bsYNLtYSiOE6r3,Frank's Track,spotify:artist:5K4W6rqBFWDnAN6FQUkS6x,,,,,,,Kanye West,,,,,,,spotify:album:7gsWAHLeT0w7es6FofOXk1,The Life Of Pablo,spotify:artist:5K4W6rqBFWDnAN6FQUkS6x,,,Kanye West,,,2016-06-10,https://i.scdn.co/image/ab67616d0000b2732a7db835b912dc5014bd37f4,14,00:38,https://p.scdn.co/mp3-preview/fb12bbd0f233bcd5af9ca1137070176a55db45ba?cid=9950ac751e34487dbbe027c4fd7f8e99,TRUE,58
spotify:track:1ZnA4VYOlYIShuGt60LmCs,Siiiiiiiiilver Surffffeeeeer Intermission,spotify:artist:5K4W6rqBFWDnAN6FQUkS6x,,,,,,,Kanye West,,,,,,,spotify:album:7gsWAHLeT0w7es6FofOXk1,The Life Of Pablo,spotify:artist:5K4W6rqBFWDnAN6FQUkS6x,,,Kanye West,,,2016-06-10,https://i.scdn.co/image/ab67616d0000b2732a7db835b912dc5014bd37f4,15,00:57,https://p.scdn.co/mp3-preview/ffa616ec70b89788ecf91f444e8694c444a51eb3?cid=9950ac751e34487dbbe027c4fd7f8e99,TRUE,51
spotify:track:2CHmgtK8OCL28WtIK96u4N,30 Hours,spotify:artist:5K4W6rqBFWDnAN6FQUkS6x,,,,,,,Kanye West,,,,,,,spotify:album:7gsWAHLeT0w7es6FofOXk1,The Life Of Pablo,spotify:artist:5K4W6rqBFWDnAN6FQUkS6x,,,Kanye West,,,2016-06-10,https://i.scdn.co/image/ab67616d0000b2732a7db835b912dc5014bd37f4,16,05:23,https://p.scdn.co/mp3-preview/65d73e30483a70a0fe05e46076375c1b07378ac4?cid=9950ac751e34487dbbe027c4fd7f8e99,TRUE,64
spotify:track:0zLClc0emc6qUeV1p5nc99,No More Parties In LA,spotify:artist:5K4W6rqBFWDnAN6FQUkS6x,,,,,,,Kanye West,,,,,,,spotify:album:7gsWAHLeT0w7es6FofOXk1,The Life Of Pablo,spotify:artist:5K4W6rqBFWDnAN6FQUkS6x,,,Kanye West,,,2016-06-10,https://i.scdn.co/image/ab67616d0000b2732a7db835b912dc5014bd37f4,17,06:14,https://p.scdn.co/mp3-preview/1869cd3fbd0f58d03aac0bc747c54023d24e2d43?cid=9950ac751e34487dbbe027c4fd7f8e99,TRUE,72
spotify:track:3MnbXlC1N7GdS9M8HzA6no,Facts (Charlie Heat Version),spotify:artist:5K4W6rqBFWDnAN6FQUkS6x,,,,,,,Kanye West,,,,,,,spotify:album:7gsWAHLeT0w7es6FofOXk1,The Life Of Pablo,spotify:artist:5K4W6rqBFWDnAN6FQUkS6x,,,Kanye West,,,2016-06-10,https://i.scdn.co/image/ab67616d0000b2732a7db835b912dc5014bd37f4,18,03:21,https://p.scdn.co/mp3-preview/f860dc594a4fbdbac190f63fcbefa5e272cf25c4?cid=9950ac751e34487dbbe027c4fd7f8e99,TRUE,59
spotify:track:3cCxoOgfi6hgt8MNteuiiD,Fade,spotify:artist:5K4W6rqBFWDnAN6FQUkS6x,,,,,,,Kanye West,,,,,,,spotify:album:7gsWAHLeT0w7es6FofOXk1,The Life Of Pablo,spotify:artist:5K4W6rqBFWDnAN6FQUkS6x,,,Kanye West,,,2016-06-10,https://i.scdn.co/image/ab67616d0000b2732a7db835b912dc5014bd37f4,19,03:14,https://p.scdn.co/mp3-preview/894d7b648d03faa377922279065798926b8002f9?cid=9950ac751e34487dbbe027c4fd7f8e99,TRUE,67
spotify:track:1o0kWPueYo94LIjPYOE5Nf,Saint Pablo,spotify:artist:5K4W6rqBFWDnAN6FQUkS6x,,,,,,,Kanye West,,,,,,,spotify:album:7gsWAHLeT0w7es6FofOXk1,The Life Of Pablo,spotify:artist:5K4W6rqBFWDnAN6FQUkS6x,,,Kanye West,,,2016-06-10,https://i.scdn.co/image/ab67616d0000b2732a7db835b912dc5014bd37f4,20,06:12,https://p.scdn.co/mp3-preview/05254ff5f4014a7481bb184fe4b11db953f8aca3?cid=9950ac751e34487dbbe027c4fd7f8e99,TRUE,69
spotify:track:69b0SDYOymaqYwm3la237H,Ye vs. the People (starring TI as the People),spotify:artist:5K4W6rqBFWDnAN6FQUkS6x,,,,,,,Kanye West,,,,,,,spotify:album:1PkFK7nfqX9jEMaIA8O12Y,Ye vs. the People (starring TI as the People),spotify:artist:5K4W6rqBFWDnAN6FQUkS6x,,,Kanye West,,,2018-04-28,https://i.scdn.co/image/ab67616d0000b2732ec3a83efc834b752df73884,1,03:23,https://p.scdn.co/mp3-preview/e58ada53443bb5583cf4d58c9be92401b3a3aa17?cid=9950ac751e34487dbbe027c4fd7f8e99,TRUE,42
spotify:track:3uYDO9dPLTVrgfwg7EYXSf,Lift Yourself,spotify:artist:5K4W6rqBFWDnAN6FQUkS6x,,,,,,,Kanye West,,,,,,,spotify:album:2hTxwsnzU7h15XcAUWSME8,Lift Yourself,spotify:artist:5K4W6rqBFWDnAN6FQUkS6x,,,Kanye West,,,2018-04-29,https://i.scdn.co/image/ab67616d0000b27341c5c57a8cbba3f5c10ed99e,1,02:28,https://p.scdn.co/mp3-preview/09d5f781da532e8354f54f8bac78e6df4b7def5a?cid=9950ac751e34487dbbe027c4fd7f8e99,FALSE,59
spotify:track:64wdPpi4OeCQF4W2oMZ9Wt,XTCY,spotify:artist:5K4W6rqBFWDnAN6FQUkS6x,,,,,,,Kanye West,,,,,,,spotify:album:6ggnUqpjfkDULwX0dr164j,XTCY,spotify:artist:5K4W6rqBFWDnAN6FQUkS6x,,,Kanye West,,,2018-08-30,https://i.scdn.co/image/ab67616d0000b2734f5b6e427f9399d48ede8ece,1,02:57,https://p.scdn.co/mp3-preview/6ffd3e85e8e6c28191371643f16bfd14484e06a5?cid=9950ac751e34487dbbe027c4fd7f8e99,TRUE,45
spotify:track:4S8d14HvHb70ImctNgVzQQ,I Love It (& Lil Pump),spotify:artist:5K4W6rqBFWDnAN6FQUkS6x, spotify:artist:3wyVrVrFCkukjdVIdirGVY,,,,,,Kanye West, Lil Pump,,,,,,spotify:album:185Tm1g5U7eMOrm3m9SQUh,I Love It,spotify:artist:5K4W6rqBFWDnAN6FQUkS6x, spotify:artist:3wyVrVrFCkukjdVIdirGVY,,Kanye West, Lil Pump,,2018-09-07,https://i.scdn.co/image/ab67616d0000b273b6d544387b04e1d1a5f7926c,1,02:08,https://p.scdn.co/mp3-preview/38309fa95743d4125c69a319164ac3f3a8054e10?cid=9950ac751e34487dbbe027c4fd7f8e99,TRUE,73
spotify:track:0yhxBvedRdGxsPZHJNI4VA,I Thought About Killing You,spotify:artist:5K4W6rqBFWDnAN6FQUkS6x,,,,,,,Kanye West,,,,,,,spotify:album:2Ek1q2haOnxVqhvVKqMvJe,ye,spotify:artist:5K4W6rqBFWDnAN6FQUkS6x,,,Kanye West,,,2018-06-01,https://i.scdn.co/image/ab67616d0000b2730cd942c1a864afa4e92d04f2,1,04:34,https://p.scdn.co/mp3-preview/ce8fdadb33c8b1cdcfe9b09cf856a8e8a2949ba7?cid=9950ac751e34487dbbe027c4fd7f8e99,TRUE,62
spotify:track:1qsHYUd2c1wFGcn7e63QmG,Yikes,spotify:artist:5K4W6rqBFWDnAN6FQUkS6x,,,,,,,Kanye West,,,,,,,spotify:album:2Ek1q2haOnxVqhvVKqMvJe,ye,spotify:artist:5K4W6rqBFWDnAN6FQUkS6x,,,Kanye West,,,2018-06-01,https://i.scdn.co/image/ab67616d0000b2730cd942c1a864afa4e92d04f2,2,03:09,https://p.scdn.co/mp3-preview/ead9c4f9deda0c5929e032c2674bb7ce0d008613?cid=9950ac751e34487dbbe027c4fd7f8e99,TRUE,66
spotify:track:3U21A07gAloCc4P7J8rxcn,All Mine,spotify:artist:5K4W6rqBFWDnAN6FQUkS6x,,,,,,,Kanye West,,,,,,,spotify:album:2Ek1q2haOnxVqhvVKqMvJe,ye,spotify:artist:5K4W6rqBFWDnAN6FQUkS6x,,,Kanye West,,,2018-06-01,https://i.scdn.co/image/ab67616d0000b2730cd942c1a864afa4e92d04f2,3,02:26,https://p.scdn.co/mp3-preview/ac287cfdf06af3b73cbaabb034a6446d76765419?cid=9950ac751e34487dbbe027c4fd7f8e99,TRUE,76
spotify:track:1nGoy0cEj0extAwXYNYTWd,Wouldn't Leave,spotify:artist:5K4W6rqBFWDnAN6FQUkS6x, spotify:artist:2HPaUgqeutzr3jx5a9WyDV,,,,,,Kanye West, PARTYNEXTDOOR,,,,,,spotify:album:2Ek1q2haOnxVqhvVKqMvJe,ye,spotify:artist:5K4W6rqBFWDnAN6FQUkS6x,,,Kanye West,,,2018-06-01,https://i.scdn.co/image/ab67616d0000b2730cd942c1a864afa4e92d04f2,4,03:26,https://p.scdn.co/mp3-preview/0138151f6067c82e9d49b36bd500e9373d10f3a9?cid=9950ac751e34487dbbe027c4fd7f8e99,TRUE,62
spotify:track:35KV2Nuib6jPMVN00O8iba,No Mistakes,spotify:artist:5K4W6rqBFWDnAN6FQUkS6x,,,,,,,Kanye West,,,,,,,spotify:album:2Ek1q2haOnxVqhvVKqMvJe,ye,spotify:artist:5K4W6rqBFWDnAN6FQUkS6x,,,Kanye West,,,2018-06-01,https://i.scdn.co/image/ab67616d0000b2730cd942c1a864afa4e92d04f2,5,02:03,https://p.scdn.co/mp3-preview/f6a2dcc2d92d2bb25341884dc99d12461c6f3c18?cid=9950ac751e34487dbbe027c4fd7f8e99,TRUE,64
spotify:track:7vgTNTaEz3CsBZ1N4YQalM,Ghost Town,spotify:artist:5K4W6rqBFWDnAN6FQUkS6x, spotify:artist:2HPaUgqeutzr3jx5a9WyDV,,,,,,Kanye West, PARTYNEXTDOOR,,,,,,spotify:album:2Ek1q2haOnxVqhvVKqMvJe,ye,spotify:artist:5K4W6rqBFWDnAN6FQUkS6x,,,Kanye West,,,2018-06-01,https://i.scdn.co/image/ab67616d0000b2730cd942c1a864afa4e92d04f2,6,04:31,https://p.scdn.co/mp3-preview/1c892d3de7a6dc9924f6ea210088da32021dcc9d?cid=9950ac751e34487dbbe027c4fd7f8e99,TRUE,78
spotify:track:3s7MCdXyWmwjdcWh7GWXas,Violent Crimes,spotify:artist:5K4W6rqBFWDnAN6FQUkS6x,,,,,,,Kanye West,,,,,,,spotify:album:2Ek1q2haOnxVqhvVKqMvJe,ye,spotify:artist:5K4W6rqBFWDnAN6FQUkS6x,,,Kanye West,,,2018-06-01,https://i.scdn.co/image/ab67616d0000b2730cd942c1a864afa4e92d04f2,7,03:35,https://p.scdn.co/mp3-preview/9a13163bc9316094ec539fdd802e97652a250056?cid=9950ac751e34487dbbe027c4fd7f8e99,TRUE,82
spotify:track:3aUFrxO1B8EW63QchEl3wX,Feel The Love,spotify:artist:2hPgGN4uhvXAxiXQBIXOmE, spotify:artist:0ONHkAv9pCAFxb0zJwDNTy,,,,,,KIDS SEE GHOSTS, Pusha T,,,,,,spotify:album:6pwuKxMUkNg673KETsXPUV,KIDS SEE GHOSTS,spotify:artist:2hPgGN4uhvXAxiXQBIXOmE, spotify:artist:5K4W6rqBFWDnAN6FQUkS6x, spotify:artist:0fA0VVWsXO9YnASrzqfmYu,KIDS SEE GHOSTS, Kanye West, Kid Cudi,2018-06-08,https://i.scdn.co/image/ab67616d0000b273013c00ee367dd85396f79c82,1,02:46,https://p.scdn.co/mp3-preview/4354b209537885a1f32add7216e3e13f4ecf6b5d?cid=9950ac751e34487dbbe027c4fd7f8e99,TRUE,62
spotify:track:7oHkit3F3vimtsBbnZkU0G,Fire,spotify:artist:2hPgGN4uhvXAxiXQBIXOmE,,,,,,,KIDS SEE GHOSTS,,,,,,,spotify:album:6pwuKxMUkNg673KETsXPUV,KIDS SEE GHOSTS,spotify:artist:2hPgGN4uhvXAxiXQBIXOmE, spotify:artist:5K4W6rqBFWDnAN6FQUkS6x, spotify:artist:0fA0VVWsXO9YnASrzqfmYu,KIDS SEE GHOSTS, Kanye West, Kid Cudi,2018-06-08,https://i.scdn.co/image/ab67616d0000b273013c00ee367dd85396f79c82,2,02:21,https://p.scdn.co/mp3-preview/206d28c4a6e8625fdb8a2557deec25f60400368b?cid=9950ac751e34487dbbe027c4fd7f8e99,TRUE,63
spotify:track:6JyEh4kl9DLwmSAoNDRn5b,4th Dimension,spotify:artist:2hPgGN4uhvXAxiXQBIXOmE, spotify:artist:52lBOxCxbJg0ttXEW9CQpW,,,,,,KIDS SEE GHOSTS, Louis Prima,,,,,,spotify:album:6pwuKxMUkNg673KETsXPUV,KIDS SEE GHOSTS,spotify:artist:2hPgGN4uhvXAxiXQBIXOmE, spotify:artist:5K4W6rqBFWDnAN6FQUkS6x, spotify:artist:0fA0VVWsXO9YnASrzqfmYu,KIDS SEE GHOSTS, Kanye West, Kid Cudi,2018-06-08,https://i.scdn.co/image/ab67616d0000b273013c00ee367dd85396f79c82,3,02:33,https://p.scdn.co/mp3-preview/90cde76dab6447ce9e21779b5aa1ffefe5353fee?cid=9950ac751e34487dbbe027c4fd7f8e99,TRUE,70
spotify:track:7GRTrWsP3yo2Fx8umJfA1X,Freeee (Ghost Town Pt. 2),spotify:artist:2hPgGN4uhvXAxiXQBIXOmE, spotify:artist:7c0XG5cIJTrrAgEC3ULPiq,,,,,,KIDS SEE GHOSTS, Ty Dolla $ign,,,,,,spotify:album:6pwuKxMUkNg673KETsXPUV,KIDS SEE GHOSTS,spotify:artist:2hPgGN4uhvXAxiXQBIXOmE, spotify:artist:5K4W6rqBFWDnAN6FQUkS6x, spotify:artist:0fA0VVWsXO9YnASrzqfmYu,KIDS SEE GHOSTS, Kanye West, Kid Cudi,2018-06-08,https://i.scdn.co/image/ab67616d0000b273013c00ee367dd85396f79c82,4,03:27,https://p.scdn.co/mp3-preview/78c8b77d77f1f4c0d01bdaaf4fb6f05476c667e3?cid=9950ac751e34487dbbe027c4fd7f8e99,TRUE,59
spotify:track:4RVbK6cV0VqWdpCDcx3hiT,Reborn,spotify:artist:2hPgGN4uhvXAxiXQBIXOmE,,,,,,,KIDS SEE GHOSTS,,,,,,,spotify:album:6pwuKxMUkNg673KETsXPUV,KIDS SEE GHOSTS,spotify:artist:2hPgGN4uhvXAxiXQBIXOmE, spotify:artist:5K4W6rqBFWDnAN6FQUkS6x, spotify:artist:0fA0VVWsXO9YnASrzqfmYu,KIDS SEE GHOSTS, Kanye West, Kid Cudi,2018-06-08,https://i.scdn.co/image/ab67616d0000b273013c00ee367dd85396f79c82,5,05:25,https://p.scdn.co/mp3-preview/0b58f04b22c90c8b1d327bc454958b596d55a6a8?cid=9950ac751e34487dbbe027c4fd7f8e99,TRUE,71
spotify:track:2I3dW2dCBZAJGj5X21E53k,Kids See Ghosts,spotify:artist:2hPgGN4uhvXAxiXQBIXOmE, spotify:artist:6r2niOTnexy9xss5g8GWXH,,,,,,KIDS SEE GHOSTS, Yasiin Bey,,,,,,spotify:album:6pwuKxMUkNg673KETsXPUV,KIDS SEE GHOSTS,spotify:artist:2hPgGN4uhvXAxiXQBIXOmE, spotify:artist:5K4W6rqBFWDnAN6FQUkS6x, spotify:artist:0fA0VVWsXO9YnASrzqfmYu,KIDS SEE GHOSTS, Kanye West, Kid Cudi,2018-06-08,https://i.scdn.co/image/ab67616d0000b273013c00ee367dd85396f79c82,6,04:06,https://p.scdn.co/mp3-preview/49e37d08f2462f1af7dd331ab05965e561809de9?cid=9950ac751e34487dbbe027c4fd7f8e99,TRUE,60
spotify:track:4kUZvXB3LC3an3HX6h0s17,Cudi Montage,spotify:artist:2hPgGN4uhvXAxiXQBIXOmE,,,,,,,KIDS SEE GHOSTS,,,,,,,spotify:album:6pwuKxMUkNg673KETsXPUV,KIDS SEE GHOSTS,spotify:artist:2hPgGN4uhvXAxiXQBIXOmE, spotify:artist:5K4W6rqBFWDnAN6FQUkS6x, spotify:artist:0fA0VVWsXO9YnASrzqfmYu,KIDS SEE GHOSTS, Kanye West, Kid Cudi,2018-06-08,https://i.scdn.co/image/ab67616d0000b273013c00ee367dd85396f79c82,7,03:17,https://p.scdn.co/mp3-preview/7e7aa529187fa898beb33370006de38d5d63feab?cid=9950ac751e34487dbbe027c4fd7f8e99,TRUE,64
spotify:track:1WnqWQcWcuQbVzgE7ecfCY,Every Hour,spotify:artist:5K4W6rqBFWDnAN6FQUkS6x, spotify:artist:2c9O21YLFy4tFI9zCVhbFg,,,,,,Kanye West, Sunday Service Choir,,,,,,spotify:album:0FgZKfoU2Br5sHOfvZKTI9,JESUS IS KING,spotify:artist:5K4W6rqBFWDnAN6FQUkS6x,,,Kanye West,,,2019-10-25,https://i.scdn.co/image/ab67616d0000b2731bb797bbfe2480650b6c2964,1,01:52,https://p.scdn.co/mp3-preview/a9da52dd8abbd61b2557016adfb3e0079dcf4d09?cid=9950ac751e34487dbbe027c4fd7f8e99,FALSE,56
spotify:track:39JRmdKFka1Oe09FoOCPI4,Selah,spotify:artist:5K4W6rqBFWDnAN6FQUkS6x,,,,,,,Kanye West,,,,,,,spotify:album:0FgZKfoU2Br5sHOfvZKTI9,JESUS IS KING,spotify:artist:5K4W6rqBFWDnAN6FQUkS6x,,,Kanye West,,,2019-10-25,https://i.scdn.co/image/ab67616d0000b2731bb797bbfe2480650b6c2964,2,02:45,https://p.scdn.co/mp3-preview/e5e86da437c866ec2a97f44b99e4999498275363?cid=9950ac751e34487dbbe027c4fd7f8e99,FALSE,61
spotify:track:2QpGZOhTCHHiKmpSO9FW4h,Follow God,spotify:artist:5K4W6rqBFWDnAN6FQUkS6x,,,,,,,Kanye West,,,,,,,spotify:album:0FgZKfoU2Br5sHOfvZKTI9,JESUS IS KING,spotify:artist:5K4W6rqBFWDnAN6FQUkS6x,,,Kanye West,,,2019-10-25,https://i.scdn.co/image/ab67616d0000b2731bb797bbfe2480650b6c2964,3,01:45,https://p.scdn.co/mp3-preview/c2324cc882505e1659346b6b9e0d3e44dca780ff?cid=9950ac751e34487dbbe027c4fd7f8e99,FALSE,75
spotify:track:3JWiDGQX2eTlFvKj3Yssj3,Closed On Sunday,spotify:artist:5K4W6rqBFWDnAN6FQUkS6x,,,,,,,Kanye West,,,,,,,spotify:album:0FgZKfoU2Br5sHOfvZKTI9,JESUS IS KING,spotify:artist:5K4W6rqBFWDnAN6FQUkS6x,,,Kanye West,,,2019-10-25,https://i.scdn.co/image/ab67616d0000b2731bb797bbfe2480650b6c2964,4,02:32,https://p.scdn.co/mp3-preview/315fd803bb24ccbbeca296f1b19d5cefb483022b?cid=9950ac751e34487dbbe027c4fd7f8e99,FALSE,64
spotify:track:2SasoXZyv82yYgHiVOvxQn,On God,spotify:artist:5K4W6rqBFWDnAN6FQUkS6x,,,,,,,Kanye West,,,,,,,spotify:album:0FgZKfoU2Br5sHOfvZKTI9,JESUS IS KING,spotify:artist:5K4W6rqBFWDnAN6FQUkS6x,,,Kanye West,,,2019-10-25,https://i.scdn.co/image/ab67616d0000b2731bb797bbfe2480650b6c2964,5,02:16,https://p.scdn.co/mp3-preview/3657e20c639a8c33dbbf392a38be75ed008065f3?cid=9950ac751e34487dbbe027c4fd7f8e99,FALSE,62
spotify:track:24bnCCysWnbNRNUT4LpHcP,Everything We Need,spotify:artist:5K4W6rqBFWDnAN6FQUkS6x, spotify:artist:7c0XG5cIJTrrAgEC3ULPiq, spotify:artist:028lPW2NdWHdSPCkRkcyhd,,,,,Kanye West, Ty Dolla $ign, Ant Clemons,,,,,spotify:album:0FgZKfoU2Br5sHOfvZKTI9,JESUS IS KING,spotify:artist:5K4W6rqBFWDnAN6FQUkS6x,,,Kanye West,,,2019-10-25,https://i.scdn.co/image/ab67616d0000b2731bb797bbfe2480650b6c2964,6,01:57,https://p.scdn.co/mp3-preview/0f88eca4918b62ff8dde0289cd34182b1372245e?cid=9950ac751e34487dbbe027c4fd7f8e99,FALSE,59
spotify:track:454Epa1vrCGFddHXKyC1kb,Water,spotify:artist:5K4W6rqBFWDnAN6FQUkS6x, spotify:artist:028lPW2NdWHdSPCkRkcyhd,,,,,,Kanye West, Ant Clemons,,,,,,spotify:album:0FgZKfoU2Br5sHOfvZKTI9,JESUS IS KING,spotify:artist:5K4W6rqBFWDnAN6FQUkS6x,,,Kanye West,,,2019-10-25,https://i.scdn.co/image/ab67616d0000b2731bb797bbfe2480650b6c2964,7,02:48,https://p.scdn.co/mp3-preview/487ccf6bdb05be2c8a0a234220c86ce4881a0fe7?cid=9950ac751e34487dbbe027c4fd7f8e99,FALSE,56
spotify:track:6xRWoYwfwIKnT8bQGzKbxR,God Is,spotify:artist:5K4W6rqBFWDnAN6FQUkS6x,,,,,,,Kanye West,,,,,,,spotify:album:0FgZKfoU2Br5sHOfvZKTI9,JESUS IS KING,spotify:artist:5K4W6rqBFWDnAN6FQUkS6x,,,Kanye West,,,2019-10-25,https://i.scdn.co/image/ab67616d0000b2731bb797bbfe2480650b6c2964,8,03:23,https://p.scdn.co/mp3-preview/7fbbea78a2a625793b1f07399bd13259d01ee158?cid=9950ac751e34487dbbe027c4fd7f8e99,FALSE,60
spotify:track:7r6aR2f57resC5r93LwMfK,Hands On,spotify:artist:5K4W6rqBFWDnAN6FQUkS6x, spotify:artist:2ndyVAdV9UqF1XjyTJt484,,,,,,Kanye West, Fred Hammond,,,,,,spotify:album:0FgZKfoU2Br5sHOfvZKTI9,JESUS IS KING,spotify:artist:5K4W6rqBFWDnAN6FQUkS6x,,,Kanye West,,,2019-10-25,https://i.scdn.co/image/ab67616d0000b2731bb797bbfe2480650b6c2964,9,03:23,https://p.scdn.co/mp3-preview/0cfbdf738a01d78173653b14b25eba650a241224?cid=9950ac751e34487dbbe027c4fd7f8e99,FALSE,56
spotify:track:0oPOuDmmkVp3h6puekhs6P,Use This Gospel,spotify:artist:5K4W6rqBFWDnAN6FQUkS6x, spotify:artist:2J257euzcjnDLipsyJH3F2, spotify:artist:6I3M904Y9IwgDjrQ9pANiB,,,,,Kanye West, Clipse, Kenny G,,,,,spotify:album:0FgZKfoU2Br5sHOfvZKTI9,JESUS IS KING,spotify:artist:5K4W6rqBFWDnAN6FQUkS6x,,,Kanye West,,,2019-10-25,https://i.scdn.co/image/ab67616d0000b2731bb797bbfe2480650b6c2964,10,03:34,https://p.scdn.co/mp3-preview/b16e5b736a895f6cbcfe2c1ac9a4870d8e61ba4e?cid=9950ac751e34487dbbe027c4fd7f8e99,FALSE,61
spotify:track:7sBgFMWqDWQgrsNSpIBoe8,Jesus Is Lord,spotify:artist:5K4W6rqBFWDnAN6FQUkS6x,,,,,,,Kanye West,,,,,,,spotify:album:0FgZKfoU2Br5sHOfvZKTI9,JESUS IS KING,spotify:artist:5K4W6rqBFWDnAN6FQUkS6x,,,Kanye West,,,2019-10-25,https://i.scdn.co/image/ab67616d0000b2731bb797bbfe2480650b6c2964,11,00:49,https://p.scdn.co/mp3-preview/8376d9cc090c8fd94012af0a2c6dc27d534b4a98?cid=9950ac751e34487dbbe027c4fd7f8e99,FALSE,55
spotify:track:7mEUjhl6aTztdHCrxoTgBG,Wash Us In The Blood,spotify:artist:5K4W6rqBFWDnAN6FQUkS6x, spotify:artist:0Y5tJX1MQlPlqiwlOH1tJY,,,,,,Kanye West, Travis Scott,,,,,,spotify:album:7jQPy8GhgSuT5A54pb5sHx,Wash Us In The Blood,spotify:artist:5K4W6rqBFWDnAN6FQUkS6x, spotify:artist:0Y5tJX1MQlPlqiwlOH1tJY,,Kanye West, Travis Scott,,2020-06-30,https://i.scdn.co/image/ab67616d0000b2732b2de7835bc93f1e368cee6d,1,03:10,https://p.scdn.co/mp3-preview/220334565264024eacbf33675118d2c317a93eef?cid=9950ac751e34487dbbe027c4fd7f8e99,FALSE,57
spotify:track:3xQTo7wPYHZtFbHAoygz2c,Donda Chant,spotify:artist:5K4W6rqBFWDnAN6FQUkS6x,,,,,,,Kanye West,,,,,,,spotify:album:2Wiyo7LzdeBCsVZiRA6vVZ,Donda (Deluxe),spotify:artist:5K4W6rqBFWDnAN6FQUkS6x,,,Kanye West,,,2021-11-14,https://i.scdn.co/image/ab67616d0000b273c5663e50de353981ed2b1a37,1,00:53,https://p.scdn.co/mp3-preview/29a212288f167971214910cb50528d850004cdda?cid=9950ac751e34487dbbe027c4fd7f8e99,FALSE,44
spotify:track:0TAUAUIEtq06TdQDVlUSxW,Hurricane,spotify:artist:5K4W6rqBFWDnAN6FQUkS6x,,,,,,,Kanye West,,,,,,,spotify:album:2Wiyo7LzdeBCsVZiRA6vVZ,Donda (Deluxe),spotify:artist:5K4W6rqBFWDnAN6FQUkS6x,,,Kanye West,,,2021-11-14,https://i.scdn.co/image/ab67616d0000b273c5663e50de353981ed2b1a37,2,04:03,https://p.scdn.co/mp3-preview/36d777b4bcdfaa5b5cad494a88b93ba0e8bccccb?cid=9950ac751e34487dbbe027c4fd7f8e99,FALSE,57
spotify:track:0tffNoL4418lhzZmJJFNB7,Moon,spotify:artist:5K4W6rqBFWDnAN6FQUkS6x,,,,,,,Kanye West,,,,,,,spotify:album:2Wiyo7LzdeBCsVZiRA6vVZ,Donda (Deluxe),spotify:artist:5K4W6rqBFWDnAN6FQUkS6x,,,Kanye West,,,2021-11-14,https://i.scdn.co/image/ab67616d0000b273c5663e50de353981ed2b1a37,3,02:37,https://p.scdn.co/mp3-preview/8ff5fd012460cbb8220ec852d55140bf8f8cf6c0?cid=9950ac751e34487dbbe027c4fd7f8e99,FALSE,56
spotify:track:2yBb1CRq98SSWRuDSn36SZ,Life Of The Party (with André 3000),spotify:artist:5K4W6rqBFWDnAN6FQUkS6x, spotify:artist:74V3dE1a51skRkdII8y2C6,,,,,,Kanye West, André 3000,,,,,,spotify:album:2Wiyo7LzdeBCsVZiRA6vVZ,Donda (Deluxe),spotify:artist:5K4W6rqBFWDnAN6FQUkS6x,,,Kanye West,,,2021-11-14,https://i.scdn.co/image/ab67616d0000b273c5663e50de353981ed2b1a37,4,06:32,https://p.scdn.co/mp3-preview/a9756126ef21e2b86625eeedcdef531340580245?cid=9950ac751e34487dbbe027c4fd7f8e99,FALSE,61
spotify:track:0YYMXRKWFKESvU7XVK5JlE,Off The Grid,spotify:artist:5K4W6rqBFWDnAN6FQUkS6x,,,,,,,Kanye West,,,,,,,spotify:album:2Wiyo7LzdeBCsVZiRA6vVZ,Donda (Deluxe),spotify:artist:5K4W6rqBFWDnAN6FQUkS6x,,,Kanye West,,,2021-11-14,https://i.scdn.co/image/ab67616d0000b273c5663e50de353981ed2b1a37,5,05:39,https://p.scdn.co/mp3-preview/fe6cb690ea37a9b38f5cb38edb93266055cac4e1?cid=9950ac751e34487dbbe027c4fd7f8e99,FALSE,55
spotify:track:0pZjPa9tKXRF3j4Y9IqhTJ,Jail,spotify:artist:5K4W6rqBFWDnAN6FQUkS6x,,,,,,,Kanye West,,,,,,,spotify:album:2Wiyo7LzdeBCsVZiRA6vVZ,Donda (Deluxe),spotify:artist:5K4W6rqBFWDnAN6FQUkS6x,,,Kanye West,,,2021-11-14,https://i.scdn.co/image/ab67616d0000b273c5663e50de353981ed2b1a37,6,04:57,https://p.scdn.co/mp3-preview/2042dd429a7ed76c65d7bad9ba94ea98eb729b4f?cid=9950ac751e34487dbbe027c4fd7f8e99,FALSE,52
spotify:track:32ZGcotUVtU3Zfz9lmM8Mi,Praise God,spotify:artist:5K4W6rqBFWDnAN6FQUkS6x,,,,,,,Kanye West,,,,,,,spotify:album:2Wiyo7LzdeBCsVZiRA6vVZ,Donda (Deluxe),spotify:artist:5K4W6rqBFWDnAN6FQUkS6x,,,Kanye West,,,2021-11-14,https://i.scdn.co/image/ab67616d0000b273c5663e50de353981ed2b1a37,7,03:47,https://p.scdn.co/mp3-preview/27bba02b0223ecf5753c1c5bb62155832bc32e1c?cid=9950ac751e34487dbbe027c4fd7f8e99,FALSE,56
spotify:track:14VMRC6EbRfeub5SkIXiad,Come to Life,spotify:artist:5K4W6rqBFWDnAN6FQUkS6x,,,,,,,Kanye West,,,,,,,spotify:album:2Wiyo7LzdeBCsVZiRA6vVZ,Donda (Deluxe),spotify:artist:5K4W6rqBFWDnAN6FQUkS6x,,,Kanye West,,,2021-11-14,https://i.scdn.co/image/ab67616d0000b273c5663e50de353981ed2b1a37,8,05:10,https://p.scdn.co/mp3-preview/2052ac1b450a2367c03f675da6defdd36093b46a?cid=9950ac751e34487dbbe027c4fd7f8e99,FALSE,52
spotify:track:3F2XxZ8aFAHxYhTeTsIiNZ,Believe What I Say,spotify:artist:5K4W6rqBFWDnAN6FQUkS6x,,,,,,,Kanye West,,,,,,,spotify:album:2Wiyo7LzdeBCsVZiRA6vVZ,Donda (Deluxe),spotify:artist:5K4W6rqBFWDnAN6FQUkS6x,,,Kanye West,,,2021-11-14,https://i.scdn.co/image/ab67616d0000b273c5663e50de353981ed2b1a37,9,04:02,https://p.scdn.co/mp3-preview/5ff984152101452c2d9a8e674acdcbc38e04c9b8?cid=9950ac751e34487dbbe027c4fd7f8e99,FALSE,52
spotify:track:6ynrKyFuLEVeSk6QiJsYhB,No Child Left Behind,spotify:artist:5K4W6rqBFWDnAN6FQUkS6x,,,,,,,Kanye West,,,,,,,spotify:album:2Wiyo7LzdeBCsVZiRA6vVZ,Donda (Deluxe),spotify:artist:5K4W6rqBFWDnAN6FQUkS6x,,,Kanye West,,,2021-11-14,https://i.scdn.co/image/ab67616d0000b273c5663e50de353981ed2b1a37,10,02:59,https://p.scdn.co/mp3-preview/064a317bf545565f964bcb75f3aa250ac40d4a03?cid=9950ac751e34487dbbe027c4fd7f8e99,FALSE,51
spotify:track:6MTtOV150uwitRZz4anI2h,Up From The Ashes,spotify:artist:5K4W6rqBFWDnAN6FQUkS6x,,,,,,,Kanye West,,,,,,,spotify:album:2Wiyo7LzdeBCsVZiRA6vVZ,Donda (Deluxe),spotify:artist:5K4W6rqBFWDnAN6FQUkS6x,,,Kanye West,,,2021-11-14,https://i.scdn.co/image/ab67616d0000b273c5663e50de353981ed2b1a37,11,02:42,https://p.scdn.co/mp3-preview/09739defbf75cc1fd7c9acfad1c356987b897982?cid=9950ac751e34487dbbe027c4fd7f8e99,FALSE,50
spotify:track:5TRekQsv96kQezYd8TkilW,Remote Control pt 2,spotify:artist:5K4W6rqBFWDnAN6FQUkS6x,,,,,,,Kanye West,,,,,,,spotify:album:2Wiyo7LzdeBCsVZiRA6vVZ,Donda (Deluxe),spotify:artist:5K4W6rqBFWDnAN6FQUkS6x,,,Kanye West,,,2021-11-14,https://i.scdn.co/image/ab67616d0000b273c5663e50de353981ed2b1a37,12,05:23,https://p.scdn.co/mp3-preview/e5964fe706fc81a06d077adcc98b9f5db2280df6?cid=9950ac751e34487dbbe027c4fd7f8e99,FALSE,51
spotify:track:1nGNm9hTNOcM1rA4SVS4zj,God Breathed,spotify:artist:5K4W6rqBFWDnAN6FQUkS6x,,,,,,,Kanye West,,,,,,,spotify:album:2Wiyo7LzdeBCsVZiRA6vVZ,Donda (Deluxe),spotify:artist:5K4W6rqBFWDnAN6FQUkS6x,,,Kanye West,,,2021-11-14,https://i.scdn.co/image/ab67616d0000b273c5663e50de353981ed2b1a37,13,05:33,https://p.scdn.co/mp3-preview/77df096535e07740658126e173e750c0b498d031?cid=9950ac751e34487dbbe027c4fd7f8e99,FALSE,45
spotify:track:2pLgJ5ygFlbIABtKrDpqaA,Lord I Need You,spotify:artist:5K4W6rqBFWDnAN6FQUkS6x,,,,,,,Kanye West,,,,,,,spotify:album:2Wiyo7LzdeBCsVZiRA6vVZ,Donda (Deluxe),spotify:artist:5K4W6rqBFWDnAN6FQUkS6x,,,Kanye West,,,2021-11-14,https://i.scdn.co/image/ab67616d0000b273c5663e50de353981ed2b1a37,14,02:42,https://p.scdn.co/mp3-preview/d66bb30af9248b4ff97991ea06387293b691a499?cid=9950ac751e34487dbbe027c4fd7f8e99,FALSE,48
spotify:track:37Tw2Q4aDxHafSy0Nej9va,24,spotify:artist:5K4W6rqBFWDnAN6FQUkS6x,,,,,,,Kanye West,,,,,,,spotify:album:2Wiyo7LzdeBCsVZiRA6vVZ,Donda (Deluxe),spotify:artist:5K4W6rqBFWDnAN6FQUkS6x,,,Kanye West,,,2021-11-14,https://i.scdn.co/image/ab67616d0000b273c5663e50de353981ed2b1a37,15,03:18,https://p.scdn.co/mp3-preview/ee631ad22a2a4f7600306dbb6fe935c102557b47?cid=9950ac751e34487dbbe027c4fd7f8e99,FALSE,49
spotify:track:6yapX2xaCTlMixwkk5S8P7,Junya,spotify:artist:5K4W6rqBFWDnAN6FQUkS6x,,,,,,,Kanye West,,,,,,,spotify:album:2Wiyo7LzdeBCsVZiRA6vVZ,Donda (Deluxe),spotify:artist:5K4W6rqBFWDnAN6FQUkS6x,,,Kanye West,,,2021-11-14,https://i.scdn.co/image/ab67616d0000b273c5663e50de353981ed2b1a37,16,02:28,https://p.scdn.co/mp3-preview/9241ccb337f9f1bb280fd55e9c92c7a3b105b882?cid=9950ac751e34487dbbe027c4fd7f8e99,FALSE,46
spotify:track:2dz1JB89afkeSv509J5Po7,Never Abandon Your Family,spotify:artist:5K4W6rqBFWDnAN6FQUkS6x,,,,,,,Kanye West,,,,,,,spotify:album:2Wiyo7LzdeBCsVZiRA6vVZ,Donda (Deluxe),spotify:artist:5K4W6rqBFWDnAN6FQUkS6x,,,Kanye West,,,2021-11-14,https://i.scdn.co/image/ab67616d0000b273c5663e50de353981ed2b1a37,17,03:27,https://p.scdn.co/mp3-preview/6b02f991843f42dcef23165425a6a58eae5333f2?cid=9950ac751e34487dbbe027c4fd7f8e99,FALSE,47
spotify:track:3xaoZLMCII9FjSqM3YNKTG,Donda,spotify:artist:5K4W6rqBFWDnAN6FQUkS6x,,,,,,,Kanye West,,,,,,,spotify:album:2Wiyo7LzdeBCsVZiRA6vVZ,Donda (Deluxe),spotify:artist:5K4W6rqBFWDnAN6FQUkS6x,,,Kanye West,,,2021-11-14,https://i.scdn.co/image/ab67616d0000b273c5663e50de353981ed2b1a37,18,02:08,https://p.scdn.co/mp3-preview/39a6d0e29a7382863edc6f49428c850e3a3897ff?cid=9950ac751e34487dbbe027c4fd7f8e99,FALSE,43
spotify:track:5zO3iS6KgrXA20ZXc9zMdI,Keep My Spirit Alive,spotify:artist:5K4W6rqBFWDnAN6FQUkS6x,,,,,,,Kanye West,,,,,,,spotify:album:2Wiyo7LzdeBCsVZiRA6vVZ,Donda (Deluxe),spotify:artist:5K4W6rqBFWDnAN6FQUkS6x,,,Kanye West,,,2021-11-14,https://i.scdn.co/image/ab67616d0000b273c5663e50de353981ed2b1a37,19,03:41,https://p.scdn.co/mp3-preview/857c9e982070955af8d146d1ba7b1d265a50d4fe?cid=9950ac751e34487dbbe027c4fd7f8e99,FALSE,46
spotify:track:3UlYBTkShcEsMYSXtC5Vu1,Jesus Lord pt 2,spotify:artist:5K4W6rqBFWDnAN6FQUkS6x,,,,,,,Kanye West,,,,,,,spotify:album:2Wiyo7LzdeBCsVZiRA6vVZ,Donda (Deluxe),spotify:artist:5K4W6rqBFWDnAN6FQUkS6x,,,Kanye West,,,2021-11-14,https://i.scdn.co/image/ab67616d0000b273c5663e50de353981ed2b1a37,20,12:06,https://p.scdn.co/mp3-preview/65f6b3170420ba9385d2c28d656b1ab784f608f8?cid=9950ac751e34487dbbe027c4fd7f8e99,FALSE,45
spotify:track:1RBDuitibQKdeZOgiebP8X,Heaven and Hell,spotify:artist:5K4W6rqBFWDnAN6FQUkS6x,,,,,,,Kanye West,,,,,,,spotify:album:2Wiyo7LzdeBCsVZiRA6vVZ,Donda (Deluxe),spotify:artist:5K4W6rqBFWDnAN6FQUkS6x,,,Kanye West,,,2021-11-14,https://i.scdn.co/image/ab67616d0000b273c5663e50de353981ed2b1a37,21,02:25,https://p.scdn.co/mp3-preview/c1e957e641c3d974482c9a014ba666dce86dbe71?cid=9950ac751e34487dbbe027c4fd7f8e99,FALSE,48
spotify:track:5dLAbJZQpnyClhMI84oyOU,Remote Control,spotify:artist:5K4W6rqBFWDnAN6FQUkS6x,,,,,,,Kanye West,,,,,,,spotify:album:2Wiyo7LzdeBCsVZiRA6vVZ,Donda (Deluxe),spotify:artist:5K4W6rqBFWDnAN6FQUkS6x,,,Kanye West,,,2021-11-14,https://i.scdn.co/image/ab67616d0000b273c5663e50de353981ed2b1a37,22,03:19,https://p.scdn.co/mp3-preview/6aeafbc31e584dceddebd828b428b2bc4cdb3da1?cid=9950ac751e34487dbbe027c4fd7f8e99,FALSE,45
spotify:track:2czzDTZuEHmz1y6kQR7rnn,Tell The Vision,spotify:artist:5K4W6rqBFWDnAN6FQUkS6x,,,,,,,Kanye West,,,,,,,spotify:album:2Wiyo7LzdeBCsVZiRA6vVZ,Donda (Deluxe),spotify:artist:5K4W6rqBFWDnAN6FQUkS6x,,,Kanye West,,,2021-11-14,https://i.scdn.co/image/ab67616d0000b273c5663e50de353981ed2b1a37,23,01:44,https://p.scdn.co/mp3-preview/3b947b764dd5da6fd4dcac1bc78adad60bf3ca89?cid=9950ac751e34487dbbe027c4fd7f8e99,FALSE,41
spotify:track:1JMp4KfBdxYRh7mFKA6Cbo,Jonah,spotify:artist:5K4W6rqBFWDnAN6FQUkS6x,,,,,,,Kanye West,,,,,,,spotify:album:2Wiyo7LzdeBCsVZiRA6vVZ,Donda (Deluxe),spotify:artist:5K4W6rqBFWDnAN6FQUkS6x,,,Kanye West,,,2021-11-14,https://i.scdn.co/image/ab67616d0000b273c5663e50de353981ed2b1a37,24,03:15,https://p.scdn.co/mp3-preview/34e41735a38f08c3032c1ea0fc4ca4df44afa1ef?cid=9950ac751e34487dbbe027c4fd7f8e99,FALSE,45
spotify:track:3KXh1h4Yy3YEtB8Hhyfk6k,Pure Souls,spotify:artist:5K4W6rqBFWDnAN6FQUkS6x,,,,,,,Kanye West,,,,,,,spotify:album:2Wiyo7LzdeBCsVZiRA6vVZ,Donda (Deluxe),spotify:artist:5K4W6rqBFWDnAN6FQUkS6x,,,Kanye West,,,2021-11-14,https://i.scdn.co/image/ab67616d0000b273c5663e50de353981ed2b1a37,25,05:59,https://p.scdn.co/mp3-preview/ecdcf3f2deeacb783747c55ec5e3a918cb8d254e?cid=9950ac751e34487dbbe027c4fd7f8e99,FALSE,48
spotify:track:4nqw8c0IQJu5rEo2529ymO,Ok Ok,spotify:artist:5K4W6rqBFWDnAN6FQUkS6x,,,,,,,Kanye West,,,,,,,spotify:album:2Wiyo7LzdeBCsVZiRA6vVZ,Donda (Deluxe),spotify:artist:5K4W6rqBFWDnAN6FQUkS6x,,,Kanye West,,,2021-11-14,https://i.scdn.co/image/ab67616d0000b273c5663e50de353981ed2b1a37,26,03:25,https://p.scdn.co/mp3-preview/9d4344202760b611d8a9ecdb2bd6332d4bd953e5?cid=9950ac751e34487dbbe027c4fd7f8e99,FALSE,44
spotify:track:2ZV2BPm2SmqCZEGCfjQdpX,New Again,spotify:artist:5K4W6rqBFWDnAN6FQUkS6x,,,,,,,Kanye West,,,,,,,spotify:album:2Wiyo7LzdeBCsVZiRA6vVZ,Donda (Deluxe),spotify:artist:5K4W6rqBFWDnAN6FQUkS6x,,,Kanye West,,,2021-11-14,https://i.scdn.co/image/ab67616d0000b273c5663e50de353981ed2b1a37,27,03:03,https://p.scdn.co/mp3-preview/c316d756cd35b21470fbc9fa4b186334ecf3a255?cid=9950ac751e34487dbbe027c4fd7f8e99,FALSE,46
spotify:track:7ArMa3vL5il1ngyxkEFQh0,Jesus Lord,spotify:artist:5K4W6rqBFWDnAN6FQUkS6x,,,,,,,Kanye West,,,,,,,spotify:album:2Wiyo7LzdeBCsVZiRA6vVZ,Donda (Deluxe),spotify:artist:5K4W6rqBFWDnAN6FQUkS6x,,,Kanye West,,,2021-11-14,https://i.scdn.co/image/ab67616d0000b273c5663e50de353981ed2b1a37,28,09:34,https://p.scdn.co/mp3-preview/d8c44a0392258414c40659973f5084a211fda7dd?cid=9950ac751e34487dbbe027c4fd7f8e99,FALSE,44
spotify:track:76JygoN64nFFsgOEAPVlzO,Ok Ok pt 2,spotify:artist:5K4W6rqBFWDnAN6FQUkS6x,,,,,,,Kanye West,,,,,,,spotify:album:2Wiyo7LzdeBCsVZiRA6vVZ,Donda (Deluxe),spotify:artist:5K4W6rqBFWDnAN6FQUkS6x,,,Kanye West,,,2021-11-14,https://i.scdn.co/image/ab67616d0000b273c5663e50de353981ed2b1a37,29,02:34,https://p.scdn.co/mp3-preview/8bb33fddac5251c67d638bb99a401bbd84c86445?cid=9950ac751e34487dbbe027c4fd7f8e99,FALSE,42
spotify:track:1jxtPdcRycy87IAnkq2HT3,Junya pt 2,spotify:artist:5K4W6rqBFWDnAN6FQUkS6x,,,,,,,Kanye West,,,,,,,spotify:album:2Wiyo7LzdeBCsVZiRA6vVZ,Donda (Deluxe),spotify:artist:5K4W6rqBFWDnAN6FQUkS6x,,,Kanye West,,,2021-11-14,https://i.scdn.co/image/ab67616d0000b273c5663e50de353981ed2b1a37,30,03:03,https://p.scdn.co/mp3-preview/121c484e3e6e60e6495f235db4633a68857218f5?cid=9950ac751e34487dbbe027c4fd7f8e99,FALSE,42
spotify:track:4Q8KEe2G03s3URJ0PtYBOU,Jail pt 2,spotify:artist:5K4W6rqBFWDnAN6FQUkS6x,,,,,,,Kanye West,,,,,,,spotify:album:2Wiyo7LzdeBCsVZiRA6vVZ,Donda (Deluxe),spotify:artist:5K4W6rqBFWDnAN6FQUkS6x,,,Kanye West,,,2021-11-14,https://i.scdn.co/image/ab67616d0000b273c5663e50de353981ed2b1a37,31,04:57,https://p.scdn.co/mp3-preview/5348eef4ddd926a2b3951a5aea68dd974cf18a52?cid=9950ac751e34487dbbe027c4fd7f8e99,FALSE,44
spotify:track:2CxKBeqB9MPl8aT12ukLjF,Keep My Spirit Alive pt 2,spotify:artist:5K4W6rqBFWDnAN6FQUkS6x,,,,,,,Kanye West,,,,,,,spotify:album:2Wiyo7LzdeBCsVZiRA6vVZ,Donda (Deluxe),spotify:artist:5K4W6rqBFWDnAN6FQUkS6x,,,Kanye West,,,2021-11-14,https://i.scdn.co/image/ab67616d0000b273c5663e50de353981ed2b1a37,32,03:41,https://p.scdn.co/mp3-preview/e49b86c193555950b4c168c6abae8a308ce9afc6?cid=9950ac751e34487dbbe027c4fd7f8e99,FALSE,49
spotify:track:6Ab81Bs9fcOwaTYuBsUUpI,Eazy,spotify:artist:0NbfKEOTQCcwd6o7wSDOHI, spotify:artist:5K4W6rqBFWDnAN6FQUkS6x,,,,,,The Game, Kanye West,,,,,,spotify:album:26LYxs49CqC9WUZWiEK3jT,Eazy,spotify:artist:0NbfKEOTQCcwd6o7wSDOHI, spotify:artist:5K4W6rqBFWDnAN6FQUkS6x,,The Game, Kanye West,,2022-01-15,https://i.scdn.co/image/ab67616d0000b2739e6f57b6b43d748ce80c5122,1,03:54,https://p.scdn.co/mp3-preview/91516e877c6adf29f9cc4b18b21886b7c873ba71?cid=9950ac751e34487dbbe027c4fd7f8e99,TRUE,65
spotify:track:4huBDGP4I3S0pYI0EaRN1c,City of Gods,spotify:artist:14CHVeJGrR5xgUGQFV5BVM, spotify:artist:5K4W6rqBFWDnAN6FQUkS6x, spotify:artist:3DiDSECUqqY1AuBP8qtaIa,,,,,Fivio Foreign, Kanye West, Alicia Keys,,,,,spotify:album:0Nzff60OICCUBrtr980elH,City of Gods,spotify:artist:14CHVeJGrR5xgUGQFV5BVM, spotify:artist:5K4W6rqBFWDnAN6FQUkS6x, spotify:artist:3DiDSECUqqY1AuBP8qtaIa,Fivio Foreign, Kanye West, Alicia Keys,2022-02-11,https://i.scdn.co/image/ab67616d0000b2739cd828e243b08cb70b15d047,1,04:16,https://p.scdn.co/mp3-preview/b32c731075ca1e32b0dfc9b302ad75acdcba277d?cid=9950ac751e34487dbbe027c4fd7f8e99,TRUE,69
spotify:track:06JvOZ39sK8D8SqiqfaxDU,True Love,spotify:artist:5K4W6rqBFWDnAN6FQUkS6x, spotify:artist:15UsOTVnJzReFVN1VCnxy4,,,,,,Kanye West, XXXTENTACION,,,,,,spotify:album:1YA0gAfV91LkDq1DODSCbc,True Love,spotify:artist:5K4W6rqBFWDnAN6FQUkS6x, spotify:artist:15UsOTVnJzReFVN1VCnxy4,,Kanye West, XXXTENTACION,,2022-05-27,https://i.scdn.co/image/ab67616d0000b273f52f6a4706fea3bde44467c3,1,02:29,https://p.scdn.co/mp3-preview/ca60342b10bd4ded97775469410420afec8d4851?cid=9950ac751e34487dbbe027c4fd7f8e99,FALSE,80
